cod;nome;per√≠odo;homicidios-de-homens-por-armas-de-fogo;homicidios;homicidios-de-jovens;homicidios-de-jovens-homens;homicidios-mulheres-nao-negras;homicidios-homens-nao-negros;homicidio-de-jovens-por-armas-de-fogo;homicidios-negros;homicidios-mulheres;homicidios-nao-negros;homicidios-mulheres-negras;homicidios-homens;homicidios-de-mulheres-por-armas-de-fogo;homicidios-por-armas-de-fogo;homicidios-de-jovens-mulheres;homicidios-homens-negros
13;AM;1989;136.0;321.0;161.0;141;;;82.0;;31.0;;;289.0;9.0;146;20;
29;BA;1989;562.0;1086.0;574.0;527;;;327.0;;80.0;;;1000.0;23.0;591;46;
23;CE;1989;203.0;607.0;299.0;286;;;121.0;;47.0;;;560.0;13.0;216;13;
53;DF;1989;177.0;331.0;185.0;177;;;116.0;;23.0;;;308.0;5.0;182;8;
32;ES;1989;361.0;845.0;349.0;320;;;180.0;;75.0;;;763.0;29.0;395;29;
52;GO;1989;426.0;810.0;344.0;302;;;223.0;;91.0;;;717.0;44.0;471;41;
21;MA;1989;166.0;411.0;174.0;160;;;82.0;;28.0;;;382.0;10.0;176;13;
51;MT;1989;199.0;471.0;180.0;165;;;82.0;;31.0;;;440.0;8.0;207;15;
50;MS;1989;175.0;371.0;168.0;147;;;95.0;;39.0;;;330.0;20.0;197;21;
31;MG;1989;384.0;1216.0;546.0;479;;;223.0;;168.0;;;1047.0;47.0;432;67;
15;PA;1989;328.0;666.0;303.0;276;;;165.0;;51.0;;;615.0;28.0;356;27;
25;PB;1989;201.0;461.0;193.0;169;;;102.0;;52.0;;;409.0;21.0;222;24;
41;PR;1989;457.0;1112.0;501.0;455;;;255.0;;105.0;;;1004.0;39.0;498;45;
12;AC;1989;45.0;95.0;56.0;52;;;28.0;;6.0;;;89.0;3.0;48;4;
17;TO;1989;30.0;63.0;22.0;15;;;13.0;;14.0;;;49.0;6.0;36;7;
28;SE;1989;66.0;139.0;64.0;59;;;3946.0;;15.0;;;124.0;5.0;71;5;
35;SP;1989;2668.0;9179.0;5522.0;5186;;;1821.0;;671.0;;;8508.0;154.0;2822;336;
42;SC;1989;142.0;354.0;168.0;153;;;82.0;;39.0;;;315.0;15.0;157;15;
14;RR;1989;1.0;113.0;61.0;53;;;1.0;;12.0;;;100.0;0.0;1;8;
11;RO;1989;260.0;490.0;188.0;161;;;114.0;;47.0;;;443.0;25.0;285;27;
43;RS;1989;755.0;1561.0;806.0;744;;;447.0;;142.0;;;1419.0;41.0;796;62;
24;RN;1989;121.0;236.0;113.0;108;;;69.0;;14.0;;;222.0;3.0;124;5;
33;RJ;1989;2772.0;4290.0;2310.0;2170;;;1722.0;;304.0;;;3980.0;167.0;2942;140;
22;PI;1989;53.0;142.0;68.0;60;;;30.0;;17.0;;;125.0;7.0;60;8;
26;PE;1989;1607.0;2553.0;1326.0;1235;;;943.0;;173.0;;;2379.0;91.0;1698;90;
27;AL;1989;310.0;805.0;339.0;310;;;143.0;;66.0;;;739.0;21.0;331;29;
16;AP;1989;19.0;39.0;29.0;27;;;13.0;;3.0;;;36.0;1.0;20;2;
24;RN;1990;108.0;200.0;92.0;85;;;58.0;;20.0;;;180.0;9.0;117;7;
43;RS;1990;917.0;1704.0;886.0;826;;;551.0;;157.0;;;1547.0;81.0;998;60;
11;RO;1990;278.0;555.0;223.0;202;;;130.0;;37.0;;;517.0;14.0;293;21;
14;RR;1990;8.0;127.0;63.0;52;;;3.0;;20.0;;;107.0;1.0;9;11;
42;SC;1990;150.0;388.0;158.0;140;;;77.0;;46.0;;;341.0;17.0;167;18;
35;SP;1990;2784.0;9503.0;5640.0;5300;;;1861.0;;679.0;;;8824.0;185.0;2969;340;
28;SE;1990;69.0;151.0;88.0;80;;;5488.0;;13.0;;;138.0;6.0;75;8;
17;TO;1990;21.0;54.0;22.0;19;;;10.0;;7.0;;;47.0;4.0;25;3;
25;PB;1990;206.0;440.0;185.0;172;;;95.0;;41.0;;;399.0;18.0;224;13;
26;PE;1990;1616.0;2742.0;1377.0;1275;;;955.0;;219.0;;;2522.0;111.0;1728;101;
41;PR;1990;488.0;1167.0;537.0;483;;;279.0;;125.0;;;1041.0;50.0;538;54;
15;PA;1990;424.0;748.0;376.0;337;;;242.0;;78.0;;;669.0;35.0;459;39;
31;MG;1990;444.0;1178.0;520.0;457;;;240.0;;148.0;;;1029.0;50.0;494;63;
50;MS;1990;146.0;348.0;156.0;137;;;72.0;;40.0;;;306.0;16.0;162;19;
51;MT;1990;164.0;415.0;155.0;139;;;66.0;;39.0;;;376.0;16.0;180;16;
21;MA;1990;180.0;442.0;199.0;182;;;86.0;;32.0;;;410.0;14.0;194;17;
52;GO;1990;349.0;681.0;309.0;277;;;180.0;;58.0;;;620.0;29.0;380;32;
32;ES;1990;382.0;881.0;384.0;344;;;215.0;;88.0;;;791.0;37.0;419;40;
53;DF;1990;259.0;463.0;251.0;234;;;159.0;;40.0;;;423.0;19.0;278;17;
23;CE;1990;219.0;555.0;253.0;230;;;126.0;;45.0;;;510.0;23.0;242;23;
29;BA;1990;486.0;867.0;437.0;406;;;289.0;;77.0;;;782.0;31.0;523;30;
13;AM;1990;184.0;367.0;207.0;193;;;119.0;;31.0;;;332.0;14.0;201;14;
16;AP;1990;14.0;46.0;22.0;18;;;11.0;;5.0;;;40.0;2.0;17;3;
27;AL;1990;261.0;719.0;284.0;263;;;116.0;;55.0;;;663.0;12.0;273;20;
12;AC;1990;29.0;64.0;33.0;29;;;18.0;;6.0;;;58.0;4.0;33;4;
33;RJ;1990;5236.0;7101.0;3833.0;3616;;;3172.0;;477.0;;;6614.0;312.0;5557;215;
22;PI;1990;32.0;109.0;52.0;50;;;16.0;;5.0;;;104.0;1.0;33;2;
15;PA;1991;448.0;810.0;380.0;344;;;232.0;;72.0;;;737.0;42.0;491;36;
31;MG;1991;472.0;1232.0;541.0;480;;;269.0;;159.0;;;1071.0;43.0;516;60;
50;MS;1991;191.0;388.0;167.0;142;;;106.0;;47.0;;;338.0;24.0;218;24;
51;MT;1991;201.0;452.0;172.0;146;;;98.0;;49.0;;;403.0;26.0;227;26;
21;MA;1991;182.0;470.0;227.0;200;;;118.0;;54.0;;;416.0;21.0;203;27;
52;GO;1991;396.0;852.0;397.0;346;;;222.0;;110.0;;;741.0;44.0;440;51;
32;ES;1991;440.0;968.0;413.0;377;;;229.0;;95.0;;;872.0;32.0;473;36;
53;DF;1991;291.0;489.0;293.0;272;;;209.0;;52.0;;;437.0;23.0;314;21;
23;CE;1991;227.0;607.0;303.0;281;;;139.0;;53.0;;;554.0;15.0;242;22;
29;BA;1991;245.0;596.0;266.0;236;;;128.0;;64.0;;;528.0;20.0;266;29;
13;AM;1991;222.0;403.0;241.0;231;;;141.0;;18.0;;;384.0;11.0;233;10;
16;AP;1991;17.0;54.0;30.0;28;;;9.0;;5.0;;;49.0;2.0;19;2;
27;AL;1991;234.0;665.0;239.0;219;;;99.0;;67.0;;;590.0;18.0;257;19;
12;AC;1991;56.0;106.0;59.0;53;;;38.0;;9.0;;;97.0;7.0;63;6;
26;PE;1991;1878.0;2944.0;1426.0;1325;;;1046.0;;232.0;;;2706.0;125.0;2008;100;
22;PI;1991;28.0;103.0;43.0;37;;;15.0;;11.0;;;92.0;3.0;31;6;
33;RJ;1991;3736.0;5055.0;2640.0;2484;;;2207.0;;370.0;;;4672.0;235.0;3979;154;
24;RN;1991;103.0;219.0;119.0;110;;;65.0;;17.0;;;202.0;6.0;109;9;
43;RS;1991;1031.0;1694.0;823.0;755;;;573.0;;156.0;;;1538.0;86.0;1117;68;
11;RO;1991;247.0;491.0;196.0;184;;;108.0;;33.0;;;455.0;17.0;265;11;
14;RR;1991;15.0;79.0;33.0;28;;;9.0;;9.0;;;70.0;3.0;18;5;
42;SC;1991;148.0;355.0;147.0;131;;;82.0;;38.0;;;317.0;17.0;165;16;
35;SP;1991;2912.0;9685.0;5601.0;5227;;;1972.0;;789.0;;;8896.0;226.0;3138;374;
28;SE;1991;168.0;317.0;131.0;118;;;4677.0;;21.0;;;287.0;8.0;179;13;
17;TO;1991;43.0;92.0;33.0;30;;;17.0;;9.0;;;83.0;3.0;46;3;
41;PR;1991;510.0;1225.0;519.0;459;;;266.0;;149.0;;;1073.0;52.0;562;60;
25;PB;1991;158.0;401.0;183.0;170;;;79.0;;40.0;;;361.0;22.0;180;13;
16;AP;1992;35.0;73.0;43.0;41;;;24.0;;4.0;;;69.0;3.0;38;2;
12;AC;1992;46.0;107.0;61.0;51;;;34.0;;13.0;;;94.0;7.0;53;10;
27;AL;1992;267.0;591.0;243.0;219;;;131.0;;53.0;;;538.0;17.0;284;24;
13;AM;1992;157.0;351.0;178.0;170;;;81.0;;26.0;;;321.0;7.0;168;8;
29;BA;1992;401.0;840.0;405.0;369;;;237.0;;79.0;;;758.0;26.0;428;36;
23;CE;1992;187.0;537.0;265.0;244;;;102.0;;42.0;;;493.0;14.0;202;20;
53;DF;1992;255.0;424.0;245.0;231;;;172.0;;40.0;;;384.0;16.0;271;14;
32;ES;1992;349.0;839.0;361.0;322;;;196.0;;85.0;;;751.0;31.0;381;39;
52;GO;1992;361.0;828.0;340.0;288;;;189.0;;125.0;;;703.0;56.0;417;52;
21;MA;1992;192.0;427.0;162.0;149;;;74.0;;30.0;;;395.0;15.0;209;13;
51;MT;1992;144.0;355.0;144.0;126;;;70.0;;35.0;;;316.0;11.0;158;17;
50;MS;1992;206.0;423.0;181.0;153;;;107.0;;58.0;;;365.0;29.0;235;28;
31;MG;1992;435.0;1131.0;481.0;418;;;231.0;;154.0;;;972.0;51.0;488;62;
15;PA;1992;436.0;759.0;353.0;325;;;221.0;;56.0;;;701.0;31.0;468;27;
25;PB;1992;194.0;355.0;165.0;150;;;101.0;;36.0;;;319.0;24.0;218;15;
41;PR;1992;507.0;1092.0;486.0;440;;;269.0;;116.0;;;971.0;47.0;554;42;
26;PE;1992;1621.0;2531.0;1093.0;1013;;;794.0;;171.0;;;2352.0;93.0;1719;75;
22;PI;1992;28.0;92.0;41.0;37;;;15.0;;10.0;;;82.0;2.0;30;4;
33;RJ;1992;3358.0;4536.0;2257.0;2132;;;1896.0;;319.0;;;4212.0;219.0;3580;125;
24;RN;1992;101.0;199.0;92.0;85;;;57.0;;15.0;;;184.0;9.0;110;7;
43;RS;1992;934.0;1570.0;740.0;678;;;516.0;;161.0;;;1409.0;101.0;1035;62;
11;RO;1992;215.0;395.0;140.0;121;;;89.0;;35.0;;;360.0;14.0;229;19;
14;RR;1992;47.0;95.0;47.0;43;;;23.0;;9.0;;;86.0;5.0;52;4;
42;SC;1992;141.0;361.0;157.0;145;;;74.0;;50.0;;;311.0;10.0;151;12;
35;SP;1992;2794.0;9116.0;5285.0;5002;;;1841.0;;644.0;;;8472.0;161.0;2955;283;
28;SE;1992;295.0;461.0;212.0;199;;;4164.0;;28.0;;;420.0;7.0;312;9;
17;TO;1992;37.0;67.0;23.0;21;;;14.0;;5.0;;;60.0;3.0;40;2;
27;AL;1993;322.0;619.0;238.0;223;;;147.0;;50.0;;;569.0;29.0;351;15;
12;AC;1993;55.0;116.0;66.0;62;;;36.0;;12.0;;;101.0;5.0;61;3;
16;AP;1993;37.0;66.0;36.0;34;;;26.0;;5.0;;;61.0;2.0;39;2;
13;AM;1993;161.0;350.0;186.0;169;;;96.0;;33.0;;;316.0;10.0;172;17;
29;BA;1993;945.0;1503.0;825.0;775;;;618.0;;120.0;;;1364.0;54.0;1013;46;
23;CE;1993;249.0;702.0;360.0;330;;;164.0;;61.0;;;640.0;21.0;270;30;
53;DF;1993;335.0;553.0;319.0;296;;;234.0;;49.0;;;503.0;27.0;362;23;
32;ES;1993;522.0;1098.0;516.0;466;;;295.0;;101.0;;;995.0;33.0;555;50;
52;GO;1993;327.0;734.0;317.0;266;;;188.0;;96.0;;;636.0;47.0;375;51;
21;MA;1993;161.0;394.0;165.0;150;;;68.0;;33.0;;;359.0;10.0;173;15;
51;MT;1993;159.0;356.0;158.0;138;;;81.0;;31.0;;;325.0;11.0;170;20;
50;MS;1993;236.0;457.0;180.0;165;;;113.0;;39.0;;;413.0;18.0;257;14;
31;MG;1993;466.0;1211.0;533.0;472;;;281.0;;181.0;;;1028.0;68.0;535;61;
15;PA;1993;345.0;623.0;290.0;269;;;169.0;;46.0;;;577.0;20.0;365;21;
25;PB;1993;192.0;365.0;168.0;157;;;94.0;;26.0;;;337.0;13.0;205;10;
41;PR;1993;586.0;1237.0;567.0;505;;;320.0;;138.0;;;1099.0;53.0;639;62;
26;PE;1993;1774.0;2763.0;1416.0;1318;;;1090.0;;218.0;;;2543.0;118.0;1893;96;
22;PI;1993;26.0;117.0;55.0;47;;;19.0;;13.0;;;104.0;4.0;30;8;
33;RJ;1993;4062.0;5367.0;2557.0;2431;;;2197.0;;381.0;;;4972.0;256.0;4326;124;
24;RN;1993;137.0;243.0;128.0;119;;;81.0;;21.0;;;222.0;14.0;151;9;
43;RS;1993;637.0;1177.0;565.0;516;;;369.0;;113.0;;;1064.0;50.0;687;49;
11;RO;1993;256.0;498.0;208.0;183;;;125.0;;55.0;;;439.0;24.0;280;23;
14;RR;1993;39.0;69.0;26.0;22;;;16.0;;4.0;;;63.0;3.0;43;3;
42;SC;1993;163.0;371.0;159.0;146;;;81.0;;34.0;;;337.0;12.0;175;13;
35;SP;1993;3451.0;9224.0;5183.0;4858;;;2304.0;;726.0;;;8498.0;232.0;3683;325;
28;SE;1993;155.0;312.0;159.0;151;;;5077.0;;25.0;;;286.0;10.0;165;8;
17;TO;1993;24.0;93.0;37.0;30;;;12.0;;12.0;;;81.0;3.0;27;7;
12;AC;1994;36.0;88.0;48.0;43;;;23.0;;11.0;;;77.0;5.0;41;5;
27;AL;1994;360.0;615.0;257.0;236;;;166.0;;48.0;;;567.0;24.0;384;21;
16;AP;1994;49.0;125.0;69.0;63;;;33.0;;16.0;;;109.0;4.0;53;6;
13;AM;1994;171.0;387.0;231.0;218;;;110.0;;27.0;;;359.0;13.0;184;13;
29;BA;1994;1073.0;1739.0;963.0;880;;;716.0;;180.0;;;1551.0;88.0;1164;82;
23;CE;1994;238.0;636.0;308.0;284;;;123.0;;59.0;;;573.0;21.0;260;22;
53;DF;1994;354.0;556.0;322.0;301;;;250.0;;50.0;;;505.0;33.0;387;21;
32;ES;1994;549.0;1166.0;517.0;476;;;300.0;;108.0;;;1053.0;46.0;596;41;
52;GO;1994;401.0;774.0;363.0;327;;;227.0;;93.0;;;681.0;41.0;442;36;
21;MA;1994;114.0;314.0;136.0;130;;;65.0;;24.0;;;289.0;6.0;121;6;
51;MT;1994;138.0;316.0;113.0;109;;;56.0;;20.0;;;296.0;7.0;145;4;
50;MS;1994;264.0;522.0;233.0;208;;;138.0;;48.0;;;472.0;19.0;283;24;
31;MG;1994;409.0;1118.0;525.0;448;;;256.0;;170.0;;;941.0;50.0;460;74;
15;PA;1994;377.0;716.0;362.0;333;;;217.0;;59.0;;;657.0;36.0;413;29;
25;PB;1994;172.0;385.0;204.0;193;;;98.0;;28.0;;;354.0;16.0;188;9;
41;PR;1994;650.0;1260.0;570.0;516;;;356.0;;130.0;;;1130.0;58.0;708;54;
26;PE;1994;1784.0;2593.0;1381.0;1300;;;1068.0;;191.0;;;2399.0;113.0;1897;80;
22;PI;1994;31.0;99.0;54.0;49;;;19.0;;10.0;;;89.0;1.0;32;5;
33;RJ;1994;5080.0;6420.0;3091.0;2909;;;2779.0;;491.0;;;5922.0;344.0;5430;181;
24;RN;1994;111.0;211.0;107.0;99;;;66.0;;19.0;;;191.0;6.0;117;7;
43;RS;1994;720.0;1334.0;644.0;588;;;426.0;;138.0;;;1196.0;70.0;790;56;
11;RO;1994;202.0;399.0;169.0;153;;;95.0;;37.0;;;360.0;17.0;221;16;
14;RR;1994;47.0;78.0;31.0;29;;;18.0;;6.0;;;72.0;2.0;49;2;
42;SC;1994;145.0;346.0;150.0;131;;;71.0;;45.0;;;301.0;9.0;154;19;
35;SP;1994;3868.0;9981.0;5915.0;5546;;;2645.0;;787.0;;;9194.0;259.0;4127;369;
28;SE;1994;190.0;344.0;181.0;167;;;5980.0;;32.0;;;307.0;21.0;213;14;
17;TO;1994;25.0;109.0;50.0;42;;;12.0;;13.0;;;95.0;5.0;30;8;
12;AC;1995;48.0;103.0;52.0;47;;;32.0;;16.0;;;86.0;9.0;57;5;
27;AL;1995;447.0;742.0;291.0;262;;;203.0;;62.0;;;680.0;38.0;485;29;
16;AP;1995;54.0;124.0;72.0;70;;;34.0;;11.0;;;113.0;3.0;57;2;
13;AM;1995;170.0;425.0;242.0;221;;;113.0;;42.0;;;383.0;14.0;184;21;
29;BA;1995;978.0;1536.0;783.0;723;;;604.0;;165.0;;;1360.0;79.0;1067;57;
23;CE;1995;341.0;845.0;424.0;406;;;195.0;;55.0;;;790.0;18.0;359;18;
53;DF;1995;417.0;629.0;358.0;329;;;288.0;;57.0;;;572.0;27.0;444;29;
32;ES;1995;557.0;1154.0;569.0;512;;;347.0;;123.0;;;1031.0;53.0;610;57;
52;GO;1995;376.0;784.0;345.0;291;;;208.0;;129.0;;;652.0;61.0;439;54;
21;MA;1995;152.0;385.0;173.0;154;;;79.0;;40.0;;;344.0;10.0;163;19;
51;MT;1995;297.0;583.0;214.0;181;;;112.0;;66.0;;;516.0;25.0;322;33;
50;MS;1995;388.0;636.0;283.0;264;;;208.0;;51.0;;;582.0;22.0;411;18;
31;MG;1995;558.0;1214.0;566.0;511;;;325.0;;145.0;;;1057.0;46.0;607;52;
15;PA;1995;362.0;700.0;321.0;300;;;183.0;;59.0;;;641.0;25.0;387;21;
25;PB;1995;210.0;457.0;235.0;198;;;131.0;;66.0;;;391.0;29.0;239;37;
41;PR;1995;748.0;1387.0;666.0;595;;;445.0;;163.0;;;1223.0;79.0;827;71;
26;PE;1995;1942.0;2706.0;1372.0;1274;;;1127.0;;205.0;;;2498.0;128.0;2073;96;
22;PI;1995;40.0;114.0;53.0;44;;;28.0;;19.0;;;95.0;7.0;47;9;
33;RJ;1995;6240.0;8218.0;4129.0;3914;;;3567.0;;587.0;;;7617.0;408.0;6659;214;
24;RN;1995;127.0;247.0;106.0;97;;;66.0;;30.0;;;217.0;15.0;142;9;
43;RS;1995;884.0;1439.0;668.0;604;;;494.0;;151.0;;;1288.0;89.0;973;64;
11;RO;1995;147.0;330.0;132.0;122;;;79.0;;37.0;;;292.0;12.0;160;10;
14;RR;1995;49.0;87.0;46.0;41;;;28.0;;8.0;;;79.0;1.0;50;5;
42;SC;1995;197.0;420.0;175.0;155;;;94.0;;48.0;;;372.0;21.0;218;20;
35;SP;1995;4791.0;11555.0;6486.0;6030;;;3094.0;;959.0;;;10596.0;368.0;5159;456;
28;SE;1995;121.0;255.0;124.0;113;;;7333.0;;27.0;;;227.0;10.0;132;11;
17;TO;1995;32.0;77.0;39.0;35;;;15.0;;5.0;;;72.0;3.0;35;4;
12;AC;1996;56.0;104.0;49.0;42;0.0;1.0;28.0;0.0;15.0;1.0;0.0;89.0;5.0;61;7;0.0
27;AL;1996;472.0;741.0;327.0;295;0.0;0.0;233.0;0.0;70.0;0.0;0.0;671.0;43.0;515;32;0.0
16;AP;1996;80.0;157.0;91.0;80;0.0;0.0;54.0;0.0;16.0;0.0;0.0;141.0;9.0;89;11;0.0
13;AM;1996;204.0;450.0;261.0;245;0.0;0.0;132.0;0.0;33.0;0.0;0.0;417.0;16.0;220;16;0.0
29;BA;1996;1368.0;1883.0;1001.0;918;0.0;0.0;854.0;0.0;176.0;0.0;0.0;1707.0;120.0;1488;83;0.0
23;CE;1996;320.0;885.0;443.0;405;0.0;0.0;192.0;0.0;84.0;0.0;0.0;793.0;29.0;351;36;0.0
53;DF;1996;402.0;615.0;335.0;308;0.0;0.0;268.0;0.0;52.0;0.0;0.0;562.0;32.0;435;27;0.0
32;ES;1996;597.0;1191.0;573.0;518;0.0;0.0;351.0;0.0;123.0;0.0;0.0;1067.0;63.0;661;54;0.0
52;GO;1996;403.0;782.0;346.0;291;0.0;0.0;223.0;0.0;119.0;0.0;0.0;663.0;66.0;469;55;0.0
21;MA;1996;174.0;363.0;162.0;148;0.0;0.0;88.0;0.0;31.0;0.0;0.0;330.0;12.0;187;14;0.0
51;MT;1996;386.0;660.0;269.0;229;0.0;0.0;196.0;0.0;87.0;0.0;0.0;568.0;38.0;427;39;0.0
50;MS;1996;418.0;722.0;318.0;285;0.0;0.0;223.0;0.0;79.0;0.0;0.0;642.0;49.0;468;33;0.0
31;MG;1996;559.0;1261.0;579.0;501;0.0;2.0;336.0;0.0;185.0;2.0;0.0;1075.0;87.0;647;77;0.0
15;PA;1996;318.0;700.0;348.0;310;0.0;1.0;174.0;0.0;78.0;1.0;0.0;622.0;31.0;349;38;0.0
25;PB;1996;234.0;636.0;302.0;259;0.0;0.0;148.0;0.0;106.0;0.0;0.0;530.0;41.0;275;43;0.0
41;PR;1996;714.0;1379.0;676.0;599;0.0;0.0;438.0;0.0;154.0;0.0;0.0;1225.0;73.0;787;77;0.0
26;PE;1996;2172.0;3022.0;1529.0;1442;0.0;1.0;1272.0;0.0;245.0;1.0;0.0;2773.0;150.0;2325;84;0.0
22;PI;1996;38.0;117.0;50.0;48;0.0;0.0;20.0;0.0;14.0;0.0;0.0;102.0;2.0;40;2;0.0
33;RJ;1996;5581.0;8034.0;3998.0;3747;0.0;1.0;3157.0;0.0;651.0;1.0;0.0;7369.0;428.0;6017;248;0.0
24;RN;1996;131.0;241.0;113.0;98;0.0;0.0;69.0;0.0;35.0;0.0;0.0;206.0;12.0;143;15;0.0
43;RS;1996;886.0;1482.0;677.0;593;0.0;0.0;492.0;0.0;192.0;0.0;0.0;1290.0;111.0;997;84;0.0
11;RO;1996;171.0;301.0;105.0;89;0.0;0.0;69.0;0.0;43.0;0.0;0.0;256.0;24.0;196;16;0.0
14;RR;1996;45.0;107.0;51.0;42;0.0;0.0;22.0;0.0;18.0;0.0;0.0;89.0;5.0;50;9;0.0
42;SC;1996;187.0;412.0;182.0;154;0.0;1.0;108.0;0.0;67.0;1.0;0.0;345.0;26.0;213;28;0.0
35;SP;1996;5022.0;12320.0;6808.0;6377;143.0;1553.0;3173.0;359.0;959.0;1696.0;24.0;11361.0;343.0;5365;431;335.0
28;SE;1996;137.0;238.0;121.0;108;0.0;0.0;7017.0;0.0;30.0;0.0;0.0;207.0;14.0;152;13;0.0
17;TO;1996;43.0;126.0;53.0;48;0.0;0.0;23.0;0.0;21.0;0.0;0.0;105.0;6.0;49;5;0.0
21;MA;1997;127.0;333.0;149.0;132;8.0;33.0;71.0;189.0;46.0;41.0;18.0;285.0;19.0;148;17;170.0
17;TO;1997;46.0;112.0;47.0;40;3.0;21.0;26.0;33.0;19.0;24.0;4.0;93.0;4.0;50;7;29.0
28;SE;1997;109.0;190.0;106.0;97;3.0;14.0;7600.0;50.0;18.0;17.0;3.0;172.0;8.0;117;9;47.0
35;SP;1997;4973.0;12537.0;7036.0;6534;274.0;2671.0;3274.0;2206.0;1028.0;2945.0;151.0;11509.0;404.0;5377;502;2055.0
42;SC;1997;205.0;423.0;173.0;156;12.0;111.0;97.0;11.0;51.0;123.0;1.0;372.0;20.0;225;17;10.0
14;RR;1997;37.0;90.0;42.0;37;1.0;5.0;23.0;15.0;10.0;6.0;2.0;80.0;3.0;40;5;13.0
11;RO;1997;186.0;355.0;154.0;137;8.0;32.0;92.0;51.0;33.0;40.0;4.0;322.0;20.0;206;17;47.0
43;RS;1997;1029.0;1648.0;765.0;694;144.0;1081.0;580.0;255.0;190.0;1225.0;23.0;1458.0;118.0;1147;71;232.0
24;RN;1997;139.0;235.0;124.0;114;12.0;54.0;89.0;128.0;27.0;66.0;10.0;208.0;14.0;153;10;118.0
33;RJ;1997;5746.0;7954.0;4144.0;3901;250.0;2217.0;3413.0;4238.0;646.0;2468.0;294.0;7298.0;408.0;6161;243;3940.0
22;PI;1997;42.0;142.0;72.0;68;3.0;13.0;19.0;84.0;13.0;16.0;8.0;129.0;4.0;46;4;76.0
26;PE;1997;2850.0;3713.0;2057.0;1954;33.0;313.0;1779.0;624.0;243.0;347.0;37.0;3463.0;145.0;3000;98;586.0
41;PR;1997;832.0;1581.0;718.0;651;36.0;328.0;463.0;70.0;157.0;364.0;4.0;1424.0;64.0;896;67;66.0
25;PB;1997;299.0;492.0;247.0;225;1.0;26.0;166.0;75.0;42.0;27.0;8.0;449.0;27.0;327;21;67.0
15;PA;1997;371.0;754.0;386.0;359;2.0;28.0;211.0;260.0;76.0;30.0;23.0;678.0;36.0;407;27;237.0
31;MG;1997;656.0;1347.0;601.0;532;49.0;262.0;387.0;579.0;179.0;311.0;60.0;1168.0;72.0;728;69;519.0
50;MS;1997;453.0;729.0;307.0;285;0.0;3.0;232.0;1.0;71.0;3.0;0.0;652.0;38.0;495;22;1.0
51;MT;1997;398.0;766.0;302.0;268;21.0;91.0;189.0;235.0;88.0;113.0;23.0;673.0;36.0;437;34;212.0
52;GO;1997;387.0;744.0;327.0;293;13.0;68.0;207.0;137.0;94.0;81.0;16.0;646.0;42.0;431;32;121.0
32;ES;1997;887.0;1416.0;725.0;667;16.0;105.0;526.0;283.0;128.0;121.0;20.0;1287.0;67.0;955;58;262.0
53;DF;1997;402.0;613.0;349.0;328;10.0;73.0;282.0;419.0;48.0;83.0;31.0;565.0;30.0;432;21;388.0
23;CE;1997;417.0;1026.0;495.0;462;7.0;55.0;250.0;298.0;85.0;62.0;20.0;941.0;31.0;448;33;278.0
29;BA;1997;1328.0;1981.0;1093.0;1013;4.0;14.0;850.0;131.0;175.0;18.0;11.0;1805.0;98.0;1426;80;120.0
13;AM;1997;187.0;468.0;277.0;257;4.0;36.0;124.0;380.0;33.0;40.0;25.0;433.0;13.0;202;19;353.0
16;AP;1997;51.0;140.0;85.0;80;2.0;13.0;31.0;80.0;12.0;15.0;7.0;128.0;6.0;57;5;73.0
27;AL;1997;436.0;642.0;258.0;225;4.0;43.0;196.0;132.0;62.0;47.0;8.0;580.0;43.0;479;33;124.0
12;AC;1997;49.0;100.0;59.0;55;0.0;7.0;37.0;6.0;14.0;7.0;3.0;86.0;6.0;55;4;3.0
22;PI;1998;35.0;140.0;74.0;66;5.0;15.0;23.0;90.0;20.0;20.0;12.0;119.0;4.0;40;8;78.0
17;TO;1998;65.0;129.0;51.0;41;4.0;33.0;30.0;65.0;19.0;37.0;12.0;110.0;13.0;78;10;53.0
28;SE;1998;99.0;175.0;87.0;84;2.0;12.0;8310.0;84.0;13.0;14.0;5.0;162.0;6.0;105;3;79.0
35;SP;1998;5920.0;13986.0;8020.0;7502;573.0;6291.0;3833.0;5785.0;1034.0;6864.0;351.0;12952.0;382.0;6302;518;5434.0
42;SC;1998;171.0;414.0;176.0;148;44.0;179.0;95.0;36.0;69.0;223.0;2.0;345.0;27.0;198;28;34.0
14;RR;1998;46.0;134.0;64.0;59;3.0;20.0;31.0;100.0;12.0;23.0;9.0;122.0;7.0;53;5;91.0
11;RO;1998;290.0;494.0;209.0;189;11.0;72.0;141.0;112.0;45.0;83.0;7.0;449.0;21.0;311;20;105.0
43;RS;1998;958.0;1524.0;716.0;641;137.0;1019.0;546.0;261.0;181.0;1156.0;30.0;1343.0;100.0;1058;75;231.0
24;RN;1998;131.0;222.0;124.0;115;8.0;37.0;83.0;126.0;20.0;45.0;7.0;202.0;9.0;140;9;119.0
33;RJ;1998;5570.0;7573.0;4008.0;3783;202.0;2246.0;3328.0;3891.0;560.0;2452.0;255.0;7000.0;398.0;5978;223;3631.0
12;AC;1998;53.0;110.0;59.0;55;1.0;10.0;34.0;22.0;12.0;11.0;1.0;98.0;5.0;58;4;21.0
27;AL;1998;386.0;582.0;260.0;234;8.0;47.0;192.0;234.0;45.0;55.0;18.0;537.0;28.0;414;26;216.0
16;AP;1998;64.0;160.0;97.0;92;3.0;8.0;43.0;143.0;12.0;11.0;9.0;148.0;7.0;71;5;134.0
13;AM;1998;206.0;534.0;342.0;309;2.0;26.0;139.0;449.0;52.0;28.0;45.0;481.0;22.0;228;33;404.0
29;BA;1998;760.0;1271.0;656.0;616;3.0;44.0;462.0;273.0;101.0;47.0;24.0;1169.0;38.0;799;39;248.0
23;CE;1998;457.0;946.0;474.0;447;11.0;97.0;251.0;316.0;56.0;108.0;11.0;889.0;26.0;483;27;305.0
53;DF;1998;439.0;633.0;381.0;354;13.0;73.0;316.0;452.0;54.0;86.0;37.0;579.0;35.0;474;27;415.0
32;ES;1998;1066.0;1675.0;880.0;816;22.0;156.0;669.0;360.0;163.0;178.0;32.0;1508.0;93.0;1161;64;328.0
52;GO;1998;390.0;704.0;325.0;294;12.0;71.0;217.0;193.0;76.0;84.0;12.0;616.0;36.0;434;24;180.0
21;MA;1998;121.0;278.0;131.0;118;5.0;29.0;68.0;196.0;30.0;34.0;18.0;247.0;9.0;130;13;177.0
51;MT;1998;490.0;832.0;356.0;311;23.0;176.0;255.0;411.0;93.0;200.0;46.0;737.0;46.0;537;44;364.0
50;MS;1998;376.0;670.0;306.0;268;3.0;10.0;210.0;10.0;73.0;13.0;2.0;595.0;41.0;418;38;8.0
31;MG;1998;788.0;1511.0;729.0;648;57.0;363.0;480.0;792.0;201.0;420.0;92.0;1310.0;77.0;865;81;700.0
15;PA;1998;407.0;774.0;438.0;410;10.0;56.0;240.0;517.0;67.0;66.0;45.0;707.0;29.0;436;28;472.0
25;PB;1998;267.0;455.0;239.0;215;6.0;25.0;165.0;87.0;41.0;31.0;5.0;414.0;24.0;291;24;82.0
41;PR;1998;893.0;1625.0;762.0;693;117.0;827.0;513.0;254.0;178.0;944.0;22.0;1447.0;68.0;961;69;232.0
26;PE;1998;3453.0;4423.0;2560.0;2437;60.0;485.0;2221.0;1171.0;277.0;545.0;65.0;4141.0;196.0;3651;122;1106.0
33;RJ;1999;5607.0;7261.0;3876.0;3650;232.0;2212.0;3365.0;3994.0;543.0;2446.0;265.0;6695.0;380.0;6002;225;3726.0
50;MS;1999;315.0;571.0;264.0;240;19.0;137.0;169.0;137.0;63.0;156.0;13.0;508.0;36.0;351;24;124.0
51;MT;1999;441.0;822.0;337.0;304;23.0;200.0;218.0;421.0;71.0;223.0;34.0;751.0;35.0;476;33;387.0
21;MA;1999;95.0;262.0;113.0;105;3.0;37.0;44.0;149.0;27.0;41.0;14.0;233.0;7.0;102;7;135.0
52;GO;1999;472.0;853.0;416.0;366;40.0;148.0;290.0;274.0;117.0;188.0;28.0;733.0;60.0;534;50;245.0
32;ES;1999;1041.0;1524.0;815.0;752;22.0;208.0;664.0;599.0;128.0;230.0;45.0;1396.0;80.0;1121;63;554.0
53;DF;1999;420.0;659.0;402.0;371;15.0;83.0;310.0;480.0;60.0;98.0;40.0;598.0;34.0;454;31;440.0
23;CE;1999;497.0;1104.0;512.0;478;19.0;145.0;262.0;552.0;91.0;164.0;34.0;1012.0;31.0;528;34;518.0
29;BA;1999;520.0;913.0;475.0;442;9.0;88.0;313.0;346.0;88.0;97.0;41.0;823.0;31.0;551;33;305.0
13;AM;1999;203.0;527.0;316.0;292;4.0;33.0;137.0;467.0;51.0;38.0;45.0;475.0;19.0;222;24;422.0
16;AP;1999;55.0;192.0;124.0;113;1.0;10.0;41.0;179.0;17.0;11.0;16.0;175.0;5.0;60;11;163.0
27;AL;1999;353.0;554.0;273.0;252;7.0;47.0;202.0;368.0;55.0;54.0;30.0;499.0;29.0;382;21;338.0
12;AC;1999;12.0;51.0;26.0;22;3.0;12.0;6.0;17.0;7.0;15.0;2.0;44.0;2.0;14;4;15.0
15;PA;1999;325.0;642.0;314.0;297;1.0;66.0;175.0;494.0;39.0;67.0;31.0;601.0;18.0;344;16;462.0
24;RN;1999;123.0;224.0;84.0;78;7.0;50.0;58.0;135.0;24.0;57.0;13.0;200.0;15.0;138;6;122.0
43;RS;1999;995.0;1533.0;779.0;711;134.0;1039.0;596.0;270.0;163.0;1173.0;21.0;1370.0;90.0;1085;68;249.0
11;RO;1999;298.0;432.0;171.0;155;12.0;96.0;129.0;168.0;38.0;109.0;15.0;392.0;23.0;322;16;153.0
31;MG;1999;650.0;1596.0;792.0;693;69.0;368.0;413.0;842.0;222.0;437.0;110.0;1373.0;74.0;725;98;732.0
14;RR;1999;54.0;154.0;77.0;73;8.0;49.0;34.0;88.0;15.0;57.0;6.0;139.0;6.0;60;4;82.0
42;SC;1999;160.0;385.0;147.0;128;42.0;217.0;77.0;45.0;50.0;259.0;1.0;335.0;19.0;179;19;44.0
35;SP;1999;7567.0;15763.0;9019.0;8490;644.0;7723.0;4905.0;6594.0;1123.0;8367.0;412.0;14640.0;450.0;8017;529;6182.0
28;SE;1999;194.0;329.0;168.0;149;7.0;32.0;9347.0;114.0;40.0;39.0;12.0;288.0;21.0;216;18;101.0
17;TO;1999;64.0;137.0;68.0;57;3.0;43.0;38.0;69.0;16.0;46.0;9.0;121.0;6.0;70;11;60.0
25;PB;1999;237.0;403.0;202.0;189;13.0;34.0;138.0;118.0;34.0;47.0;7.0;369.0;19.0;256;13;111.0
41;PR;1999;945.0;1706.0;813.0;749;126.0;1025.0;580.0;292.0;182.0;1151.0;30.0;1522.0;81.0;1027;64;262.0
26;PE;1999;3401.0;4217.0;2414.0;2282;55.0;528.0;2166.0;2329.0;265.0;583.0;143.0;3949.0;206.0;3610;130;2186.0
22;PI;1999;55.0;133.0;75.0;71;0.0;18.0;33.0;91.0;7.0;18.0;6.0;126.0;1.0;56;4;85.0
23;CE;2000;89.0;1238.0;620.0;577;29.0;182.0;340.0;708.0;106.0;211.0;51.0;1131.0;54.0;657;43;656.0
32;ES;2000;96.0;1435.0;744.0;692;23.0;237.0;576.0;673.0;113.0;260.0;49.0;1322.0;63.0;1004;52;624.0
52;GO;2000;603.0;1085.0;548.0;482;51.0;269.0;406.0;526.0;142.0;320.0;53.0;940.0;71.0;706;65;472.0
21;MA;2000;138.0;352.0;187.0;170;4.0;56.0;64.0;254.0;32.0;60.0;24.0;320.0;12.0;141;17;230.0
31;MG;2000;451.0;2109.0;1166.0;1058;102.0;541.0;900.0;1251.0;252.0;643.0;125.0;1857.0;117.0;1420;108;1126.0
50;MS;2000;3405.0;651.0;314.0;281;38.0;259.0;246.0;303.0;72.0;297.0;30.0;577.0;41.0;448;33;273.0
51;MT;2000;340.0;990.0;422.0;396;33.0;303.0;325.0;608.0;81.0;336.0;47.0;909.0;43.0;691;26;561.0
15;PA;2000;261.0;806.0;418.0;388;7.0;88.0;247.0;658.0;63.0;95.0;55.0;743.0;24.0;461;30;603.0
25;PB;2000;705.0;507.0;297.0;277;7.0;52.0;227.0;383.0;44.0;59.0;32.0;463.0;32.0;372;20;351.0
26;PE;2000;941.0;4290.0;2470.0;2317;70.0;476.0;2190.0;3205.0;310.0;546.0;202.0;3980.0;212.0;3617;153;3003.0
22;PI;2000;5744.0;230.0;126.0;118;3.0;33.0;55.0;147.0;14.0;36.0;8.0;214.0;2.0;98;7;138.0
41;PR;2000;1303.0;1789.0;892.0;833;137.0;1242.0;620.0;353.0;164.0;1379.0;22.0;1623.0;76.0;1093;59;331.0
33;RJ;2000;9043.0;7350.0;3982.0;3761;246.0;2447.0;3459.0;4271.0;540.0;2694.0;265.0;6795.0;375.0;6126;220;4003.0
24;RN;2000;1015.0;257.0;122.0;109;11.0;50.0;79.0;171.0;22.0;61.0;10.0;235.0;9.0;147;13;161.0
11;RO;2000;259.0;466.0;210.0;191;14.0;109.0;127.0;252.0;46.0;123.0;22.0;419.0;18.0;277;19;230.0
43;RS;2000;196.0;1668.0;800.0;747;147.0;1216.0;662.0;272.0;175.0;1363.0;22.0;1491.0;91.0;1250;53;250.0
14;RR;2000;1159.0;130.0;68.0;59;10.0;18.0;28.0;101.0;22.0;28.0;12.0;108.0;4.0;47;9;89.0
42;SC;2000;407.0;433.0;172.0;154;40.0;292.0;99.0;56.0;53.0;332.0;9.0;380.0;26.0;222;18;47.0
35;SP;2000;648.0;15591.0;9249.0;8705;740.0;8110.0;6116.0;6407.0;1150.0;8850.0;378.0;14441.0;599.0;9642;544;6029.0
28;SE;2000;633.0;410.0;218.0;208;5.0;62.0;157.0;186.0;37.0;67.0;15.0;373.0;18.0;279;10;171.0
17;TO;2000;477.0;176.0;86.0;81;5.0;52.0;57.0;113.0;16.0;57.0;10.0;160.0;8.0;97;5;103.0
12;AC;2000;35.0;106.0;67.0;58;5.0;44.0;21.0;51.0;13.0;49.0;7.0;93.0;4.0;39;9;44.0
27;AL;2000;234.0;727.0;395.0;365;10.0;92.0;277.0;533.0;64.0;102.0;46.0;663.0;33.0;484;30;487.0
13;AM;2000;437.0;552.0;352.0;331;6.0;42.0;165.0;482.0;36.0;48.0;28.0;516.0;13.0;247;21;454.0
16;AP;2000;43.0;156.0;107.0;105;0.0;12.0;24.0;128.0;4.0;12.0;4.0;152.0;2.0;33;2;124.0
29;BA;2000;31.0;1242.0;666.0;607;15.0;79.0;451.0;892.0;132.0;94.0;90.0;1108.0;59.0;766;59;802.0
53;DF;2000;129.0;687.0;407.0;388;7.0;97.0;334.0;565.0;41.0;104.0;32.0;644.0;23.0;501;19;533.0
27;AL;2001;184.0;830.0;480.0;456;11.0;95.0;369.0;589.0;54.0;106.0;31.0;775.0;29.0;604;23;557.0
33;RJ;2001;10006.0;7362.0;3962.0;3726;206.0;2306.0;3511.0;4309.0;566.0;2514.0;306.0;6767.0;384.0;6134;236;4003.0
22;PI;2001;5740.0;262.0;133.0;113;7.0;34.0;64.0;179.0;35.0;41.0;24.0;226.0;7.0;102;20;155.0
26;PE;2001;939.0;4710.0;2744.0;2616;55.0;491.0;2442.0;3647.0;294.0;546.0;206.0;4409.0;194.0;3949;127;3441.0
41;PR;2001;1461.0;2052.0;1041.0;946;169.0;1469.0;731.0;358.0;197.0;1639.0;24.0;1852.0;101.0;1269;95;333.0
25;PB;2001;1079.0;484.0;288.0;264;9.0;47.0;211.0;329.0;45.0;56.0;31.0;439.0;23.0;346;24;298.0
15;PA;2001;347.0;966.0;515.0;469;20.0;96.0;289.0;799.0;97.0;116.0;74.0;869.0;46.0;543;46;725.0
31;MG;2001;575.0;2366.0;1255.0;1153;94.0;673.0;957.0;1423.0;241.0;767.0;119.0;2124.0;97.0;1558;102;1304.0
50;MS;2001;3748.0;621.0;267.0;235;29.0;265.0;190.0;308.0;64.0;294.0;31.0;555.0;35.0;395;32;277.0
51;MT;2001;323.0;973.0;427.0;384;33.0;276.0;286.0;629.0;92.0;309.0;56.0;880.0;42.0;582;43;573.0
21;MA;2001;202.0;563.0;296.0;271;16.0;81.0;120.0;439.0;54.0;97.0;36.0;509.0;19.0;221;25;403.0
52;GO;2001;595.0;1167.0;591.0;533;42.0;306.0;420.0;667.0;131.0;348.0;61.0;1035.0;64.0;752;58;606.0
32;ES;2001;95.0;1452.0;784.0;723;33.0;222.0;609.0;738.0;132.0;255.0;58.0;1319.0;80.0;1019;60;680.0
53;DF;2001;202.0;693.0;447.0;419;8.0;87.0;362.0;583.0;44.0;95.0;34.0;649.0;25.0;495;28;549.0
23;CE;2001;120.0;1284.0;651.0;604;21.0;164.0;343.0;696.0;114.0;185.0;58.0;1170.0;43.0;638;47;638.0
29;BA;2001;42.0;1622.0;887.0;848;13.0;132.0;702.0;1211.0;122.0;145.0;81.0;1500.0;50.0;1129;39;1130.0
13;AM;2001;497.0;485.0;285.0;258;8.0;50.0;124.0;416.0;55.0;58.0;45.0;430.0;15.0;199;27;371.0
16;AP;2001;41.0;182.0;115.0;108;2.0;13.0;21.0;164.0;12.0;15.0;9.0;170.0;1.0;43;7;155.0
24;RN;2001;1165.0;322.0;156.0;140;5.0;58.0;108.0;221.0;24.0;63.0;17.0;297.0;14.0;216;16;204.0
43;RS;2001;244.0;1854.0;880.0;807;156.0;1342.0;719.0;317.0;180.0;1498.0;17.0;1674.0;102.0;1343;73;300.0
11;RO;2001;343.0;573.0;240.0;208;23.0;178.0;157.0;310.0;65.0;201.0;35.0;508.0;34.0;377;32;275.0
14;RR;2001;1241.0;108.0;51.0;48;1.0;21.0;20.0;82.0;7.0;22.0;6.0;101.0;1.0;42;3;76.0
42;SC;2001;358.0;477.0;214.0;189;41.0;320.0;133.0;68.0;60.0;361.0;7.0;417.0;25.0;269;25;61.0
35;SP;2001;539.0;15773.0;9193.0;8655;699.0;8301.0;6588.0;6475.0;1100.0;9000.0;379.0;14669.0;618.0;10625;538;6096.0
28;SE;2001;687.0;518.0;298.0;291;6.0;80.0;228.0;271.0;31.0;86.0;15.0;487.0;19.0;366;7;256.0
17;TO;2001;470.0;212.0;89.0;79;9.0;60.0;60.0;140.0;23.0;69.0;14.0;189.0;11.0;131;10;126.0
12;AC;2001;51.0;121.0;72.0;64;4.0;31.0;36.0;70.0;12.0;35.0;5.0;109.0;3.0;54;8;65.0
31;MG;2002;675.0;2994.0;1624.0;1504;120.0;783.0;1249.0;1927.0;294.0;903.0;151.0;2700.0;142.0;2049;120;1776.0
12;AC;2002;63.0;151.0;90.0;84;3.0;43.0;40.0;100.0;11.0;46.0;8.0;140.0;3.0;66;6;92.0
17;TO;2002;440.0;170.0;82.0;73;4.0;39.0;43.0;126.0;20.0;43.0;16.0;150.0;7.0;83;9;110.0
28;SE;2002;817.0;556.0;323.0;307;7.0;61.0;247.0;384.0;37.0;68.0;22.0;519.0;14.0;402;16;362.0
35;SP;2002;537.0;14526.0;8610.0;8077;673.0;7611.0;6042.0;6006.0;1053.0;8285.0;363.0;13471.0;547.0;9415;533;5643.0
42;SC;2002;386.0;585.0;263.0;231;61.0;396.0;162.0;84.0;75.0;457.0;9.0;510.0;36.0;317;32;75.0
14;RR;2002;1266.0;122.0;71.0;64;3.0;25.0;20.0;92.0;12.0;28.0;9.0;110.0;5.0;48;7;83.0
11;RO;2002;371.0;615.0;282.0;265;12.0;177.0;179.0;376.0;44.0;189.0;25.0;569.0;21.0;393;17;351.0
43;RS;2002;281.0;1912.0;953.0;877;162.0;1402.0;757.0;322.0;198.0;1564.0;34.0;1714.0;107.0;1373;76;288.0
24;RN;2002;1402.0;299.0;143.0;133;9.0;58.0;95.0;213.0;23.0;67.0;12.0;276.0;7.0;193;10;201.0
33;RJ;2002;8867.0;8335.0;4555.0;4329;236.0;2631.0;3888.0;4923.0;560.0;2869.0;284.0;7748.0;362.0;6678;225;4634.0
22;PI;2002;6308.0;308.0;162.0;153;6.0;37.0;65.0;232.0;27.0;43.0;18.0;279.0;10.0;120;9;214.0
26;PE;2002;1132.0;4396.0;2588.0;2474;75.0;459.0;2267.0;3574.0;274.0;534.0;178.0;4118.0;182.0;3639;113;3395.0
41;PR;2002;1907.0;2266.0;1233.0;1147;167.0;1644.0;920.0;413.0;204.0;1811.0;35.0;2061.0;92.0;1494;86;377.0
25;PB;2002;1159.0;607.0;322.0;299;7.0;44.0;227.0;432.0;46.0;51.0;26.0;551.0;25.0;425;22;405.0
15;PA;2002;388.0;1192.0;632.0;601;10.0;127.0;373.0;1036.0;73.0;137.0;62.0;1119.0;33.0;694;31;974.0
27;AL;2002;186.0;991.0;559.0;529;7.0;99.0;435.0;655.0;70.0;106.0;39.0;921.0;45.0;720;30;616.0
16;AP;2002;43.0;181.0;120.0;115;4.0;14.0;28.0;157.0;12.0;18.0;8.0;169.0;5.0;50;5;149.0
13;AM;2002;661.0;513.0;312.0;295;7.0;53.0;116.0;442.0;35.0;60.0;27.0;478.0;15.0;201;17;415.0
29;BA;2002;45.0;1759.0;1014.0;949;15.0;134.0;777.0;1298.0;123.0;149.0;88.0;1634.0;60.0;1220;65;1209.0
23;CE;2002;76.0;1445.0;729.0;669;16.0;126.0;422.0;705.0;125.0;142.0;48.0;1320.0;49.0;741;60;657.0
53;DF;2002;239.0;641.0;416.0;385;13.0;80.0;338.0;539.0;50.0;93.0;36.0;591.0;29.0;469;31;503.0
32;ES;2002;110.0;1644.0;936.0;862;29.0;261.0;760.0;813.0;149.0;290.0;71.0;1494.0;88.0;1221;74;742.0
52;GO;2002;692.0;1370.0;709.0;647;50.0;361.0;520.0;734.0;145.0;411.0;68.0;1225.0;76.0;893;62;666.0
21;MA;2002;186.0;606.0;302.0;289;7.0;90.0;115.0;493.0;39.0;97.0;31.0;567.0;14.0;253;13;462.0
51;MT;2002;393.0;948.0;414.0;377;37.0;283.0;279.0;602.0;92.0;320.0;53.0;856.0;45.0;582;37;549.0
50;MS;2002;3453.0;684.0;313.0;283;41.0;284.0;203.0;333.0;77.0;325.0;35.0;605.0;34.0;421;30;298.0
32;ES;2003;133.0;1629.0;893.0;836;42.0;293.0;699.0;883.0;141.0;335.0;67.0;1487.0;71.0;1179;57;816.0
23;CE;2003;93.0;1563.0;771.0;727;10.0;149.0;449.0;748.0;103.0;159.0;40.0;1460.0;46.0;846;44;708.0
15;PA;2003;321.0;1405.0;747.0;700;15.0;137.0;466.0;1237.0;93.0;152.0;78.0;1311.0;45.0;871;47;1159.0
42;SC;2003;395.0;670.0;313.0;283;52.0;442.0;220.0;101.0;70.0;494.0;8.0;600.0;30.0;414;30;93.0
14;RR;2003;1270.0;106.0;53.0;50;1.0;21.0;16.0;80.0;6.0;22.0;5.0;100.0;3.0;41;3;75.0
11;RO;2003;348.0;566.0;231.0;207;22.0;149.0;155.0;375.0;51.0;171.0;29.0;514.0;33.0;381;24;346.0
25;PB;2003;1520.0;616.0;339.0;325;4.0;44.0;260.0;484.0;35.0;48.0;25.0;579.0;22.0;459;14;458.0
41;PR;2003;2615.0;2555.0;1368.0;1265;190.0;1887.0;1065.0;412.0;227.0;2078.0;32.0;2326.0;119.0;1748;102;380.0
26;PE;2003;1107.0;4517.0;2645.0;2513;53.0;493.0;2298.0;3562.0;274.0;546.0;187.0;4243.0;186.0;3766;132;3375.0
22;PI;2003;6024.0;298.0;156.0;137;7.0;27.0;83.0;241.0;32.0;34.0;24.0;265.0;10.0;143;19;217.0
29;BA;2003;65.0;2166.0;1272.0;1204;18.0;140.0;1008.0;1665.0;152.0;158.0;100.0;2014.0;68.0;1588;68;1565.0
13;AM;2003;826.0;558.0;343.0;324;5.0;47.0;111.0;495.0;35.0;52.0;30.0;523.0;14.0;171;19;465.0
31;MG;2003;740.0;3869.0;2241.0;2062;152.0;996.0;1814.0;2539.0;376.0;1148.0;199.0;3493.0;200.0;2815;179;2340.0
16;AP;2003;38.0;185.0;133.0;125;2.0;9.0;51.0;171.0;15.0;11.0;12.0;170.0;5.0;70;8;159.0
27;AL;2003;157.0;1039.0;615.0;586;5.0;58.0;476.0;630.0;67.0;63.0;39.0;972.0;34.0;774;29;591.0
12;AC;2003;52.0;147.0;78.0;69;6.0;35.0;31.0;98.0;15.0;41.0;7.0;132.0;5.0;57;9;91.0
33;RJ;2003;9032.0;8115.0;4517.0;4303;228.0;2499.0;3675.0;4948.0;527.0;2728.0;277.0;7579.0;336.0;6365;214;4671.0
24;RN;2003;1627.0;405.0;200.0;183;14.0;81.0;155.0;277.0;32.0;95.0;16.0;373.0;17.0;289;17;261.0
17;TO;2003;520.0;204.0;87.0;80;5.0;37.0;47.0;161.0;22.0;42.0;17.0;182.0;5.0;98;7;144.0
28;SE;2003;797.0;469.0;259.0;247;8.0;54.0;200.0;278.0;34.0;62.0;16.0;435.0;18.0;339;12;262.0
35;SP;2003;515.0;14048.0;8348.0;7826;640.0;7487.0;6132.0;5839.0;1029.0;8127.0;378.0;13017.0;538.0;9570;522;5461.0
43;RS;2003;384.0;1908.0;932.0;871;152.0;1391.0;755.0;354.0;177.0;1543.0;23.0;1731.0;95.0;1365;61;331.0
50;MS;2003;3580.0;705.0;344.0;318;35.0;268.0;240.0;382.0;64.0;303.0;27.0;640.0;35.0;430;26;355.0
51;MT;2003;436.0;908.0;406.0;368;34.0;266.0;270.0;597.0;90.0;300.0;53.0;818.0;40.0;555;38;544.0
21;MA;2003;272.0;795.0;419.0;389;11.0;109.0;176.0;657.0;69.0;120.0;58.0;726.0;27.0;351;30;599.0
52;GO;2003;800.0;1346.0;713.0;647;45.0;301.0;522.0;784.0;143.0;346.0;74.0;1201.0;69.0;868;66;709.0
53;DF;2003;324.0;742.0;454.0;428;14.0;95.0;381.0;623.0;62.0;109.0;45.0;678.0;41.0;562;26;578.0
29;BA;2004;69.0;2262.0;1311.0;1222;20.0;139.0;1023.0;1859.0;195.0;159.0;155.0;2064.0;78.0;1590;89;1704.0
16;AP;2004;30.0;172.0;116.0;108;1.0;9.0;51.0;160.0;15.0;10.0;14.0;157.0;5.0;74;8;146.0
42;SC;2004;363.0;638.0;281.0;258;63.0;427.0;202.0;99.0;79.0;490.0;7.0;559.0;32.0;377;23;92.0
35;SP;2004;418.0;11336.0;6446.0;6045;572.0;5958.0;4743.0;4720.0;861.0;6530.0;285.0;10474.0;458.0;7611;401;4434.0
28;SE;2004;937.0;454.0;234.0;220;6.0;43.0;167.0;270.0;29.0;49.0;15.0;424.0;14.0;301;14;255.0
17;TO;2004;476.0;198.0;99.0;91;4.0;45.0;47.0;149.0;18.0;49.0;14.0;180.0;6.0;100;8;135.0
27;AL;2004;213.0;1035.0;623.0;589;9.0;43.0;481.0;708.0;75.0;52.0;42.0;960.0;35.0;754;34;666.0
12;AC;2004;42.0;114.0;75.0;71;3.0;24.0;31.0;80.0;10.0;27.0;7.0;104.0;7.0;49;4;73.0
14;RR;2004;1326.0;85.0;44.0;38;3.0;13.0;15.0;66.0;7.0;16.0;3.0;78.0;1.0;31;6;63.0
11;RO;2004;313.0;563.0;280.0;265;17.0;147.0;170.0;372.0;33.0;164.0;13.0;529.0;20.0;334;15;358.0
43;RS;2004;345.0;1982.0;1016.0;936;167.0;1414.0;837.0;384.0;195.0;1581.0;26.0;1787.0;106.0;1432;80;358.0
24;RN;2004;1776.0;344.0;181.0;172;4.0;61.0;134.0;246.0;21.0;65.0;13.0;323.0;9.0;237;9;233.0
33;RJ;2004;7152.0;7731.0;4349.0;4144;230.0;2307.0;3555.0;4787.0;506.0;2537.0;251.0;7221.0;338.0;6193;205;4536.0
22;PI;2004;5852.0;327.0;173.0;156;10.0;40.0;80.0;251.0;26.0;50.0;14.0;301.0;8.0;131;17;237.0
26;PE;2004;1108.0;4174.0;2490.0;2348;56.0;388.0;2125.0;3430.0;276.0;444.0;206.0;3898.0;189.0;3344;142;3224.0
41;PR;2004;3035.0;2826.0;1566.0;1447;202.0;2030.0;1185.0;537.0;249.0;2233.0;41.0;2573.0;132.0;1912;119;495.0
25;PB;2004;1511.0;675.0;350.0;333;5.0;40.0;257.0;540.0;60.0;45.0;47.0;611.0;41.0;472;17;493.0
15;PA;2004;286.0;1519.0;811.0;768;14.0;143.0;539.0;1351.0;93.0;157.0;77.0;1426.0;42.0;969;43;1274.0
31;MG;2004;719.0;4286.0;2571.0;2386;115.0;1063.0;2154.0;2916.0;373.0;1178.0;230.0;3913.0;220.0;3255;185;2686.0
50;MS;2004;3155.0;656.0;319.0;296;24.0;245.0;217.0;372.0;55.0;269.0;30.0;601.0;24.0;387;23;342.0
51;MT;2004;431.0;853.0;401.0;352;39.0;234.0;236.0;572.0;99.0;273.0;60.0;754.0;36.0;454;49;512.0
21;MA;2004;228.0;732.0;398.0;373;9.0;79.0;196.0;631.0;53.0;88.0;44.0;679.0;23.0;355;25;587.0
52;GO;2004;865.0;1524.0;816.0;757;64.0;411.0;601.0;896.0;142.0;475.0;64.0;1377.0;50.0;988;59;830.0
32;ES;2004;123.0;1619.0;936.0;875;33.0;227.0;761.0;928.0;137.0;260.0;69.0;1482.0;80.0;1188;61;859.0
53;DF;2004;332.0;696.0;436.0;410;8.0;101.0;360.0;582.0;52.0;109.0;43.0;642.0;29.0;506;26;538.0
23;CE;2004;94.0;1582.0;826.0;774;15.0;125.0;524.0;699.0;123.0;140.0;44.0;1459.0;51.0;916;52;655.0
13;AM;2004;927.0;526.0;309.0;290;13.0;63.0;136.0;440.0;49.0;76.0;34.0;477.0;14.0;227;19;406.0
50;MS;2005;3312.0;631.0;308.0;278;38.0;230.0;195.0;347.0;70.0;268.0;31.0;561.0;26.0;345;30;316.0
31;MG;2005;873.0;4223.0;2461.0;2301;143.0;999.0;2039.0;2870.0;377.0;1142.0;212.0;3846.0;204.0;3099;160;2658.0
15;PA;2005;306.0;1926.0;1082.0;1024;26.0;155.0;708.0;1726.0;127.0;181.0;101.0;1797.0;56.0;1195;57;1625.0
25;PB;2005;1908.0;745.0;403.0;378;7.0;43.0;310.0;608.0;62.0;50.0;45.0;683.0;36.0;543;25;563.0
41;PR;2005;2895.0;2977.0;1658.0;1558;185.0;2094.0;1303.0;639.0;239.0;2279.0;50.0;2738.0;121.0;2027;100;589.0
26;PE;2005;1088.0;4330.0;2616.0;2482;37.0;414.0;2243.0;3517.0;282.0;451.0;226.0;4048.0;197.0;3509;134;3291.0
22;PI;2005;5639.0;368.0;210.0;196;8.0;43.0;100.0;295.0;40.0;51.0;29.0;328.0;11.0;151;14;266.0
33;RJ;2005;5427.0;7408.0;4177.0;3974;204.0;2238.0;3496.0;4658.0;507.0;2443.0;273.0;6885.0;329.0;5978;201;4385.0
24;RN;2005;1906.0;406.0;235.0;213;9.0;65.0;169.0;275.0;41.0;75.0;27.0;364.0;12.0;268;21;248.0
43;RS;2005;359.0;2021.0;1034.0;957;186.0;1415.0;836.0;407.0;209.0;1601.0;22.0;1812.0;114.0;1473;77;385.0
11;RO;2005;342.0;555.0;246.0;220;14.0;134.0;175.0;391.0;49.0;148.0;30.0;506.0;25.0;367;26;361.0
14;RR;2005;1359.0;95.0;42.0;40;2.0;18.0;8.0;73.0;11.0;20.0;9.0;84.0;2.0;28;2;64.0
42;SC;2005;319.0;633.0;322.0;295;54.0;422.0;231.0;94.0;68.0;476.0;6.0;564.0;33.0;392;27;88.0
35;SP;2005;454.0;8870.0;4719.0;4379;512.0;4575.0;3415.0;3734.0;776.0;5087.0;260.0;8091.0;367.0;5796;340;3474.0
28;SE;2005;885.0;487.0;249.0;238;4.0;69.0;185.0;345.0;28.0;73.0;22.0;459.0;12.0;318;11;323.0
17;TO;2005;427.0;190.0;88.0;80;6.0;35.0;39.0;148.0;21.0;41.0;15.0;169.0;6.0;78;8;133.0
13;AM;2005;1139.0;599.0;356.0;333;7.0;66.0;161.0;506.0;48.0;73.0;40.0;551.0;13.0;264;23;466.0
16;AP;2005;26.0;196.0;123.0;117;2.0;20.0;33.0;172.0;15.0;22.0;13.0;181.0;5.0;55;6;159.0
27;AL;2005;251.0;1203.0;696.0;660;8.0;61.0;537.0;812.0;74.0;69.0;46.0;1129.0;36.0;909;36;766.0
12;AC;2005;35.0;124.0;67.0;60;5.0;26.0;18.0;87.0;13.0;31.0;8.0;111.0;1.0;36;7;79.0
51;MT;2005;507.0;907.0;407.0;373;38.0;227.0;265.0;631.0;89.0;265.0;51.0;815.0;32.0;487;34;579.0
21;MA;2005;256.0;935.0;511.0;481;8.0;130.0;276.0;774.0;58.0;138.0;49.0;877.0;21.0;489;30;725.0
52;GO;2005;945.0;1468.0;830.0;776;46.0;361.0;619.0;1003.0;133.0;408.0;83.0;1334.0;52.0;937;54;920.0
32;ES;2005;140.0;1602.0;904.0;839;30.0;213.0;726.0;1014.0;149.0;243.0;90.0;1453.0;101.0;1189;65;924.0
53;DF;2005;468.0;657.0;403.0;384;14.0;81.0;317.0;551.0;47.0;95.0;32.0;610.0;25.0;452;19;519.0
23;CE;2005;72.0;1699.0;943.0;883;16.0;138.0;613.0;760.0;143.0;154.0;45.0;1555.0;66.0;1012;59;715.0
29;BA;2005;50.0;2881.0;1703.0;1613;22.0;150.0;1319.0;2380.0;211.0;172.0;164.0;2669.0;114.0;2022;90;2216.0
15;PA;2006;388.0;2073.0;1185.0;1130;21.0;139.0;771.0;1867.0;140.0;160.0;118.0;1930.0;71.0;1295;55;1749.0
32;ES;2006;181.0;1762.0;982.0;904;44.0;211.0;787.0;1111.0;183.0;255.0;103.0;1578.0;100.0;1294;78;1008.0
53;DF;2006;455.0;660.0;399.0;374;9.0;70.0;305.0;576.0;49.0;79.0;39.0;611.0;33.0;435;25;537.0
23;CE;2006;79.0;1792.0;941.0;890;17.0;148.0;642.0;972.0;134.0;165.0;65.0;1658.0;43.0;1060;51;907.0
29;BA;2006;75.0;3311.0;1947.0;1824;21.0;183.0;1561.0;2821.0;243.0;204.0;197.0;3065.0;131.0;2402;123;2624.0
13;AM;2006;1223.0;699.0;428.0;402;18.0;77.0;237.0;584.0;53.0;95.0;33.0;646.0;22.0;379;26;551.0
16;AP;2006;35.0;202.0;128.0;125;3.0;11.0;49.0;186.0;13.0;14.0;10.0;189.0;0.0;75;3;176.0
27;AL;2006;357.0;1620.0;980.0;925;6.0;62.0;823.0;1078.0;106.0;68.0;66.0;1514.0;64.0;1308;55;1012.0
12;AC;2006;48.0;158.0;85.0;81;6.0;36.0;23.0;102.0;15.0;42.0;8.0;143.0;2.0;50;4;94.0
52;GO;2006;1017.0;1509.0;825.0;766;48.0;332.0;602.0;1076.0;143.0;381.0;91.0;1364.0;69.0;984;59;985.0
21;MA;2006;285.0;969.0;527.0;497;8.0;135.0;256.0;811.0;67.0;143.0;58.0;902.0;24.0;479;30;753.0
51;MT;2006;589.0;896.0;427.0;394;28.0;212.0;282.0;647.0;70.0;241.0;42.0;825.0;22.0;497;33;605.0
50;MS;2006;3395.0;683.0;315.0;295;29.0;265.0;215.0;366.0;55.0;294.0;24.0;627.0;17.0;370;20;342.0
31;MG;2006;1244.0;4177.0;2408.0;2220;138.0;1103.0;1990.0;2759.0;392.0;1242.0;238.0;3783.0;204.0;3075;186;2520.0
25;PB;2006;2269.0;825.0;458.0;434;9.0;38.0;373.0;697.0;62.0;47.0;49.0;762.0;39.0;628;24;648.0
41;PR;2006;2870.0;3098.0;1706.0;1588;196.0;2326.0;1361.0;522.0;249.0;2531.0;48.0;2839.0;140.0;2229;118;474.0
26;PE;2006;1194.0;4472.0;2616.0;2479;37.0;351.0;2226.0;3893.0;310.0;388.0;261.0;4162.0;197.0;3592;137;3632.0
22;PI;2006;5460.0;418.0;240.0;221;4.0;47.0;116.0;357.0;32.0;51.0;28.0;386.0;11.0;192;19;329.0
33;RJ;2006;5370.0;7389.0;4076.0;3880;219.0;2217.0;3347.0;4611.0;504.0;2436.0;267.0;6858.0;319.0;5790;196;4339.0
24;RN;2006;2085.0;455.0;234.0;219;10.0;71.0;175.0;318.0;42.0;81.0;27.0;413.0;21.0;306;15;291.0
43;RS;2006;352.0;1983.0;980.0;924;128.0;1457.0;787.0;381.0;162.0;1585.0;30.0;1821.0;83.0;1425;56;351.0
11;RO;2006;356.0;585.0;257.0;234;19.0;125.0;189.0;418.0;51.0;145.0;31.0;531.0;25.0;383;23;386.0
14;RR;2006;1342.0;111.0;46.0;41;10.0;31.0;18.0;67.0;13.0;43.0;3.0;96.0;3.0;38;5;64.0
42;SC;2006;353.0;666.0;321.0;290;70.0;439.0;226.0;93.0;92.0;509.0;15.0;574.0;34.0;386;31;78.0
35;SP;2006;474.0;8377.0;4285.0;3939;530.0;4315.0;3285.0;3364.0;788.0;4846.0;242.0;7582.0;387.0;5761;346;3121.0
28;SE;2006;913.0;585.0;334.0;316;9.0;76.0;243.0;406.0;40.0;85.0;22.0;545.0;15.0;403;18;384.0
17;TO;2006;402.0;229.0;121.0;113;4.0;34.0;50.0;189.0;22.0;38.0;18.0;207.0;6.0;85;8;171.0
52;GO;2007;1181.0;1521.0;849.0;789;51.0;341.0;643.0;1052.0;139.0;392.0;82.0;1382.0;73.0;1009;60;970.0
13;AM;2007;1327.0;715.0;433.0;405;7.0;38.0;265.0;648.0;52.0;45.0;43.0;663.0;25.0;415;28;605.0
29;BA;2007;55.0;3659.0;2160.0;2036;27.0;233.0;1770.0;3116.0;249.0;260.0;207.0;3408.0;133.0;2700;124;2909.0
23;CE;2007;80.0;1933.0;1066.0;1016;27.0;185.0;758.0;1367.0;126.0;213.0;84.0;1806.0;43.0;1224;50;1283.0
53;DF;2007;579.0;711.0;431.0;409;13.0;94.0;352.0;591.0;55.0;107.0;41.0;656.0;28.0;516;22;550.0
12;AC;2007;47.0;137.0;72.0;64;8.0;26.0;30.0;91.0;18.0;34.0;9.0;119.0;4.0;51;8;82.0
32;ES;2007;169.0;1877.0;1008.0;929;32.0;245.0;823.0;1197.0;186.0;277.0;116.0;1691.0;111.0;1363;79;1081.0
27;AL;2007;390.0;1836.0;1102.0;1046;11.0;65.0;959.0;1247.0;109.0;76.0;68.0;1727.0;74.0;1552;56;1179.0
16;AP;2007;26.0;172.0;114.0;107;4.0;17.0;40.0;140.0;12.0;21.0;8.0;160.0;5.0;60;7;132.0
17;TO;2007;488.0;226.0;94.0;83;2.0;29.0;33.0;191.0;28.0;31.0;26.0;196.0;8.0;88;11;164.0
28;SE;2007;936.0;522.0;294.0;282;9.0;66.0;211.0;371.0;34.0;75.0;21.0;488.0;19.0;348;12;350.0
35;SP;2007;507.0;6437.0;3135.0;2868;396.0;3315.0;2267.0;2602.0;595.0;3711.0;185.0;5834.0;291.0;4150;267;2417.0
42;SC;2007;371.0;632.0;328.0;292;60.0;450.0;233.0;94.0;70.0;510.0;6.0;560.0;21.0;377;34;88.0
14;RR;2007;1559.0;116.0;47.0;44;8.0;20.0;12.0;85.0;19.0;28.0;10.0;97.0;2.0;28;3;75.0
11;RO;2007;312.0;432.0;210.0;200;8.0;94.0;164.0;305.0;28.0;102.0;20.0;404.0;9.0;321;10;285.0
43;RS;2007;356.0;2199.0;1137.0;1056;161.0;1574.0;939.0;440.0;193.0;1735.0;29.0;2003.0;100.0;1661;81;411.0
24;RN;2007;2150.0;589.0;314.0;294;11.0;84.0;249.0;424.0;42.0;95.0;25.0;547.0;23.0;438;20;399.0
33;RJ;2007;3859.0;6551.0;3652.0;3485;187.0;1883.0;2967.0;4169.0;416.0;2071.0;216.0;6121.0;272.0;5102;167;3952.0
22;PI;2007;4824.0;383.0;186.0;174;9.0;50.0;103.0;310.0;35.0;59.0;24.0;346.0;15.0;184;12;285.0
26;PE;2007;1252.0;4557.0;2698.0;2558;36.0;246.0;2310.0;4032.0;290.0;282.0;241.0;4262.0;192.0;3706;139;3790.0
41;PR;2007;2765.0;3105.0;1760.0;1650;193.0;2220.0;1450.0;617.0;241.0;2414.0;41.0;2860.0;134.0;2285;110;575.0
25;PB;2007;2565.0;864.0;461.0;432;8.0;32.0;372.0;759.0;69.0;40.0;55.0;793.0;42.0;656;29;704.0
15;PA;2007;329.0;2194.0;1263.0;1197;26.0;164.0;859.0;1953.0;144.0;190.0;112.0;2049.0;58.0;1385;66;1841.0
31;MG;2007;1478.0;4125.0;2344.0;2168;131.0;1030.0;1914.0;2776.0;403.0;1161.0;248.0;3722.0;218.0;2983;176;2528.0
50;MS;2007;3511.0;710.0;340.0;312;39.0;274.0;222.0;369.0;67.0;314.0;28.0;641.0;29.0;401;28;341.0
51;MT;2007;613.0;889.0;368.0;334;41.0;230.0;248.0;615.0;95.0;271.0;54.0;794.0;35.0;542;34;561.0
21;MA;2007;415.0;1127.0;623.0;592;13.0;144.0;353.0;962.0;63.0;157.0;50.0;1063.0;23.0;602;31;911.0
27;AL;2008;426.0;1887.0;1142.0;1101;3.0;55.0;1018.0;1536.0;83.0;58.0;71.0;1804.0;55.0;1596;41;1465.0
17;TO;2008;541.0;237.0;122.0;111;4.0;37.0;55.0;194.0;21.0;41.0;17.0;216.0;10.0;98;11;177.0
28;SE;2008;1117.0;555.0;313.0;298;8.0;65.0;235.0;404.0;30.0;73.0;21.0;525.0;11.0;368;15;383.0
35;SP;2008;536.0;6332.0;2948.0;2706;451.0;3263.0;2027.0;2464.0;667.0;3715.0;199.0;5660.0;292.0;3891;242;2265.0
42;SC;2008;370.0;802.0;406.0;373;74.0;600.0;302.0;108.0;86.0;674.0;8.0;715.0;43.0;505;32;100.0
14;RR;2008;1683.0;105.0;38.0;35;9.0;19.0;9.0;74.0;15.0;28.0;5.0;90.0;2.0;29;3;69.0
11;RO;2008;269.0;480.0;210.0;195;16.0;120.0;136.0;319.0;39.0;136.0;20.0;440.0;17.0;286;15;298.0
43;RS;2008;461.0;2380.0;1199.0;1116;184.0;1685.0;1011.0;471.0;219.0;1869.0;32.0;2161.0;118.0;1801;83;439.0
24;RN;2008;2366.0;714.0;402.0;373;7.0;93.0;326.0;558.0;59.0;100.0;48.0;655.0;36.0;536;29;510.0
33;RJ;2008;3598.0;5662.0;3092.0;2934;133.0;1644.0;2442.0;3593.0;373.0;1777.0;223.0;5274.0;219.0;4336;158;3365.0
22;PI;2008;4108.0;361.0;187.0;171;6.0;46.0;90.0;299.0;38.0;52.0;31.0;323.0;8.0;159;16;268.0
26;PE;2008;1370.0;4446.0;2621.0;2482;45.0;387.0;2158.0;3888.0;298.0;433.0;245.0;4140.0;166.0;3449;135;3641.0
41;PR;2008;2580.0;3445.0;1914.0;1777;244.0;2413.0;1591.0;695.0;306.0;2660.0;55.0;3132.0;168.0;2540;137;640.0
25;PB;2008;3620.0;1029.0;561.0;531;8.0;42.0;447.0;928.0;87.0;50.0;76.0;942.0;49.0;750;30;852.0
15;PA;2008;357.0;2860.0;1635.0;1553;27.0;186.0;1160.0;2585.0;169.0;213.0;139.0;2687.0;89.0;1929;82;2445.0
31;MG;2008;1541.0;3889.0;2204.0;2014;133.0;938.0;1764.0;2628.0;377.0;1071.0;221.0;3511.0;174.0;2755;190;2407.0
50;MS;2008;3277.0;699.0;345.0;318;38.0;274.0;229.0;361.0;60.0;312.0;22.0;639.0;22.0;392;27;339.0
51;MT;2008;701.0;937.0;428.0;390;27.0;211.0;291.0;687.0;86.0;238.0;57.0;851.0;36.0;572;38;630.0
21;MA;2008;500.0;1277.0;714.0;677;12.0;144.0;408.0;1097.0;81.0;156.0;67.0;1196.0;25.0;698;37;1030.0
52;GO;2008;1284.0;1792.0;971.0;914;49.0;364.0;739.0;1309.0;160.0;413.0;104.0;1629.0;82.0;1201;57;1204.0
32;ES;2008;151.0;1947.0;1113.0;1024;30.0;234.0;937.0;1252.0;190.0;264.0;129.0;1756.0;124.0;1495;89;1123.0
53;DF;2008;673.0;812.0;492.0;457;7.0;98.0;390.0;701.0;64.0;105.0;57.0;748.0;38.0;579;35;644.0
23;CE;2008;88.0;2019.0;1131.0;1089;18.0;176.0;803.0;1377.0;117.0;194.0;74.0;1902.0;48.0;1332;42;1303.0
29;BA;2008;61.0;4819.0;2994.0;2833;34.0;311.0;2547.0;4137.0;315.0;345.0;260.0;4485.0;193.0;3828;161;3876.0
13;AM;2008;1837.0;830.0;481.0;455;7.0;40.0;287.0;767.0;63.0;47.0;56.0;767.0;20.0;446;26;711.0
12;AC;2008;40.0;133.0;76.0;71;5.0;18.0;27.0;74.0;13.0;23.0;5.0;120.0;0.0;40;5;69.0
16;AP;2008;27.0;210.0;141.0;137;0.0;6.0;46.0;196.0;13.0;6.0;13.0;196.0;3.0;65;4;183.0
42;SC;2009;401.0;820.0;429.0;391;82.0;605.0;312.0;115.0;93.0;687.0;8.0;726.0;39.0;511;38;107.0
43;RS;2009;471.0;2242.0;1081.0;980;186.0;1589.0;858.0;445.0;225.0;1775.0;36.0;2017.0;126.0;1645;101;409.0
14;RR;2009;1519.0;118.0;52.0;43;11.0;26.0;13.0;78.0;24.0;37.0;12.0;94.0;4.0;27;9;66.0
11;RO;2009;325.0;538.0;231.0;208;15.0;127.0;172.0;373.0;51.0;142.0;35.0;486.0;28.0;353;23;338.0
24;RN;2009;2470.0;800.0;455.0;434;17.0;115.0;379.0;612.0;57.0;132.0;38.0;743.0;30.0;620;21;574.0
33;RJ;2009;3606.0;5365.0;2841.0;2704;145.0;1538.0;2205.0;3430.0;350.0;1684.0;190.0;5000.0;199.0;4009;137;3237.0
41;PR;2009;2406.0;3698.0;2078.0;1920;274.0;2698.0;1672.0;677.0;331.0;2972.0;57.0;3361.0;199.0;2673;158;619.0
22;PI;2009;3805.0;385.0;205.0;193;7.0;49.0;117.0;318.0;31.0;56.0;22.0;354.0;14.0;184;12;296.0
26;PE;2009;1418.0;3963.0;2281.0;2136;42.0;328.0;1939.0;3460.0;304.0;370.0;252.0;3656.0;186.0;3117;145;3208.0
25;PB;2009;4136.0;1263.0;710.0;660;10.0;41.0;608.0;1153.0;98.0;51.0;84.0;1164.0;67.0;1019;50;1069.0
15;PA;2009;435.0;2989.0;1717.0;1635;23.0;189.0;1242.0;2711.0;180.0;213.0;152.0;2802.0;84.0;2038;82;2558.0
51;MT;2009;951.0;1000.0;469.0;425;38.0;209.0;309.0;738.0;94.0;247.0;55.0;905.0;44.0;573;44;682.0
50;MS;2009;2931.0;725.0;354.0;328;40.0;276.0;244.0;399.0;65.0;316.0;25.0;660.0;28.0;429;26;374.0
31;MG;2009;1479.0;3742.0;2062.0;1894;132.0;923.0;1646.0;2507.0;402.0;1055.0;246.0;3340.0;197.0;2603;168;2261.0
21;MA;2009;590.0;1398.0;775.0;737;19.0;142.0;458.0;1210.0;87.0;161.0;67.0;1311.0;32.0;785;38;1143.0
52;GO;2009;1441.0;1902.0;977.0;915;45.0;365.0;740.0;1446.0;165.0;410.0;117.0;1733.0;76.0;1260;62;1327.0
32;ES;2009;170.0;1985.0;1164.0;1057;32.0;219.0;974.0;1367.0;216.0;251.0;152.0;1769.0;130.0;1548;107;1215.0
29;BA;2009;66.0;5432.0;3427.0;3276;32.0;301.0;2971.0;4741.0;345.0;333.0;284.0;5078.0;220.0;4361;151;4455.0
16;AP;2009;23.0;190.0;108.0;104;2.0;9.0;43.0;168.0;12.0;11.0;10.0;178.0;3.0;69;4;158.0
12;AC;2009;59.0;153.0;78.0;72;6.0;10.0;33.0;103.0;16.0;16.0;6.0;137.0;2.0;61;6;97.0
13;AM;2009;1953.0;916.0;540.0;519;7.0;37.0;359.0;846.0;67.0;44.0;60.0;849.0;28.0;572;21;786.0
27;AL;2009;544.0;1873.0;1115.0;1060;2.0;46.0;969.0;1595.0;111.0;48.0;96.0;1762.0;81.0;1560;55;1499.0
17;TO;2009;623.0;289.0;135.0;120;8.0;47.0;64.0;231.0;31.0;55.0;23.0;258.0;12.0;128;15;208.0
23;CE;2009;116.0;2165.0;1196.0;1130;25.0;166.0;917.0;1360.0;138.0;191.0;80.0;2025.0;68.0;1511;64;1280.0
53;DF;2009;753.0;882.0;523.0;487;14.0;105.0;450.0;753.0;76.0;119.0;61.0;806.0;43.0;666;36;692.0
35;SP;2009;528.0;6557.0;2940.0;2692;413.0;3382.0;1974.0;2618.0;660.0;3799.0;230.0;5882.0;235.0;3851;248;2385.0
28;SE;2009;1183.0;653.0;324.0;311;9.0;65.0;244.0;475.0;36.0;74.0;21.0;617.0;16.0;451;13;454.0
11;RO;2010;333.0;546.0;226.0;216;11.0;131.0;162.0;388.0;37.0;142.0;23.0;508.0;17.0;351;10;364.0
43;RS;2010;441.0;2085.0;983.0;891;185.0;1438.0;787.0;436.0;227.0;1623.0;38.0;1856.0;119.0;1496;92;398.0
24;RN;2010;2441.0;810.0;439.0;408;13.0;98.0;349.0;633.0;71.0;111.0;51.0;739.0;33.0;611;31;582.0
33;RJ;2010;3233.0;5667.0;3020.0;2888;128.0;1610.0;2261.0;3684.0;339.0;1738.0;196.0;5310.0;191.0;4111;132;3484.0
22;PI;2010;3912.0;411.0;195.0;184;10.0;45.0;115.0;327.0;40.0;55.0;28.0;371.0;16.0;207;11;299.0
26;PE;2010;1265.0;3473.0;1977.0;1858;29.0;228.0;1612.0;3000.0;247.0;257.0;197.0;3226.0;152.0;2649;119;2803.0
41;PR;2010;2259.0;3586.0;1970.0;1805;283.0;2588.0;1621.0;670.0;338.0;2871.0;51.0;3248.0;189.0;2630;165;619.0
25;PB;2010;4201.0;1455.0;834.0;782;8.0;48.0;733.0;1325.0;119.0;56.0;98.0;1336.0;79.0;1208;52;1227.0
15;PA;2010;434.0;3521.0;1935.0;1819;30.0;236.0;1469.0;3198.0;231.0;266.0;197.0;3286.0;126.0;2502;115;2998.0
31;MG;2010;1633.0;3646.0;1956.0;1772;141.0;797.0;1523.0;2515.0;409.0;938.0;259.0;3236.0;197.0;2456;184;2256.0
50;MS;2010;2497.0;656.0;292.0;267;33.0;238.0;186.0;374.0;76.0;271.0;38.0;579.0;21.0;344;25;336.0
51;MT;2010;1129.0;972.0;462.0;434;26.0;217.0;310.0;722.0;80.0;243.0;54.0;890.0;27.0;566;28;667.0
21;MA;2010;578.0;1519.0;837.0;785;18.0;133.0;480.0;1341.0;117.0;151.0;99.0;1402.0;42.0;827;52;1242.0
52;GO;2010;1954.0;1979.0;1088.0;1003;48.0;349.0;803.0;1533.0;182.0;397.0;128.0;1795.0;80.0;1317;85;1403.0
32;ES;2010;191.0;1792.0;1036.0;957;34.0;231.0;875.0;1299.0;174.0;265.0;128.0;1618.0;94.0;1359;79;1171.0
53;DF;2010;785.0;786.0;452.0;420;15.0;85.0;379.0;680.0;66.0;100.0;50.0;720.0;42.0;576;32;630.0
23;CE;2010;122.0;2688.0;1494.0;1432;27.0;272.0;1219.0;1711.0;173.0;299.0;111.0;2515.0;103.0;2057;62;1600.0
29;BA;2010;98.0;5844.0;3571.0;3357;42.0;332.0;2938.0;5145.0;438.0;374.0;361.0;5398.0;235.0;4439;214;4781.0
13;AM;2010;2373.0;1082.0;634.0;602;5.0;71.0;405.0;980.0;65.0;76.0;60.0;1017.0;28.0;635;32;920.0
16;AP;2010;27.0;260.0;168.0;164;2.0;26.0;72.0;205.0;16.0;28.0;14.0;244.0;5.0;103;4;191.0
27;AL;2010;607.0;2087.0;1287.0;1223;6.0;42.0;1118.0;1696.0;137.0;48.0;104.0;1950.0;88.0;1721;64;1592.0
12;AC;2010;56.0;165.0;74.0;67;3.0;25.0;34.0;96.0;19.0;28.0;13.0;146.0;7.0;63;7;83.0
17;TO;2010;534.0;327.0;178.0;160;3.0;38.0;68.0;280.0;34.0;41.0;30.0;293.0;9.0;131;18;250.0
28;SE;2010;1237.0;676.0;351.0;332;6.0;52.0;264.0;569.0;43.0;58.0;36.0;633.0;18.0;452;19;533.0
35;SP;2010;538.0;6039.0;2671.0;2389;424.0;2911.0;1793.0;2442.0;678.0;3336.0;223.0;5355.0;232.0;3469;281;2219.0
42;SC;2010;322.0;823.0;380.0;338;94.0;578.0;255.0;129.0;110.0;673.0;15.0;712.0;42.0;483;42;114.0
14;RR;2010;1376.0;121.0;52.0;45;2.0;11.0;12.0;102.0;11.0;13.0;9.0;110.0;2.0;29;7;93.0
12;AC;2011;45.0;164.0;73.0;64;4.0;12.0;26.0;99.0;18.0;16.0;11.0;146.0;5.0;50;9;88.0
27;AL;2011;847.0;2244.0;1321.0;1260;7.0;67.0;1178.0;2013.0;138.0;74.0;114.0;2106.0;94.0;1913;61;1899.0
16;AP;2011;25.0;209.0;122.0;112;3.0;24.0;53.0;179.0;19.0;27.0;16.0;190.0;9.0;80;10;163.0
13;AM;2011;1968.0;1292.0;791.0;762;15.0;131.0;590.0;1131.0;81.0;146.0;66.0;1210.0;32.0;879;29;1065.0
29;BA;2011;71.0;5549.0;3221.0;3017;40.0;374.0;2636.0;4780.0;449.0;415.0;375.0;5089.0;250.0;4170;204;4402.0
41;PR;2011;2779.0;3376.0;1786.0;1668;220.0;2440.0;1410.0;654.0;283.0;2660.0;55.0;3086.0;139.0;2365;118;599.0
26;PE;2011;1247.0;3471.0;1928.0;1810;21.0;200.0;1538.0;3013.0;261.0;222.0;223.0;3202.0;143.0;2541;116;2790.0
22;PI;2011;3228.0;440.0;223.0;212;4.0;51.0;147.0;355.0;32.0;55.0;28.0;408.0;10.0;251;11;327.0
33;RJ;2011;3068.0;4781.0;2409.0;2264;127.0;1319.0;1818.0;3161.0;366.0;1448.0;223.0;4403.0;177.0;3411;145;2933.0
24;RN;2011;2222.0;1054.0;596.0;559;11.0;140.0;481.0;813.0;76.0;151.0;56.0;978.0;44.0;788;37;757.0
43;RS;2011;450.0;2077.0;1018.0;926;180.0;1424.0;829.0;448.0;202.0;1605.0;21.0;1869.0;114.0;1531;92;427.0
11;RO;2011;263.0;450.0;187.0;168;14.0;102.0;130.0;321.0;48.0;116.0;31.0;401.0;22.0;286;19;290.0
14;RR;2011;1413.0;95.0;39.0;35;1.0;14.0;10.0;74.0;10.0;15.0;9.0;84.0;0.0;25;4;65.0
42;SC;2011;333.0;811.0;389.0;355;68.0;607.0;273.0;128.0;74.0;675.0;5.0;737.0;33.0;483;34;123.0
35;SP;2011;568.0;5842.0;2505.0;2304;380.0;2808.0;1643.0;2473.0;580.0;3189.0;179.0;5257.0;192.0;3262;201;2293.0
28;SE;2011;1446.0;731.0;371.0;343;9.0;49.0;292.0;671.0;60.0;58.0;50.0;671.0;30.0;523;28;621.0
17;TO;2011;613.0;361.0;160.0;137;11.0;51.0;78.0;288.0;49.0;62.0;36.0;311.0;13.0;158;23;252.0
23;CE;2011;145.0;2792.0;1568.0;1485;24.0;251.0;1257.0;1647.0;189.0;275.0;106.0;2603.0;119.0;2063;83;1541.0
53;DF;2011;893.0;902.0;493.0;455;16.0;94.0;405.0;784.0;79.0;110.0;61.0;823.0;44.0;657;38;723.0
32;ES;2011;241.0;1672.0;1005.0;918;40.0;201.0;887.0;1209.0;167.0;241.0;104.0;1505.0;105.0;1352;87;1105.0
52;GO;2011;1944.0;2272.0;1201.0;1098;67.0;392.0;941.0;1721.0;262.0;459.0;182.0;2005.0;129.0;1579;103;1537.0
21;MA;2011;744.0;1591.0;820.0;765;20.0;184.0;515.0;1364.0;131.0;204.0;109.0;1460.0;51.0;944;55;1255.0
51;MT;2011;1271.0;1009.0;474.0;439;27.0;227.0;320.0;740.0;87.0;254.0;60.0;920.0;34.0;602;35;679.0
50;MS;2011;2393.0;673.0;307.0;274;38.0;214.0;194.0;416.0;78.0;252.0;40.0;595.0;35.0;368;33;376.0
31;MG;2011;1819.0;4262.0;2250.0;2058;165.0;1061.0;1831.0;2906.0;457.0;1226.0;283.0;3804.0;220.0;3000;192;2622.0
15;PA;2011;493.0;3073.0;1758.0;1679;27.0;217.0;1292.0;2787.0;186.0;245.0;154.0;2881.0;106.0;2077;79;2629.0
25;PB;2011;3913.0;1614.0;915.0;847;18.0;65.0;820.0;1441.0;140.0;83.0;117.0;1474.0;108.0;1379;68;1324.0
28;SE;2012;1820.0;879.0;474.0;451;9.0;65.0;385.0;800.0;62.0;74.0;52.0;817.0;30.0;648;23;748.0
15;PA;2012;618.0;3236.0;1799.0;1684;27.0;221.0;1310.0;2942.0;232.0;248.0;202.0;2993.0;119.0;2138;114;2738.0
31;MG;2012;1637.0;4562.0;2512.0;2296;148.0;1102.0;2031.0;3200.0;460.0;1250.0;303.0;4100.0;216.0;3228;216;2896.0
50;MS;2012;2358.0;683.0;291.0;267;32.0;196.0;175.0;447.0;77.0;228.0;45.0;606.0;13.0;337;24;402.0
51;MT;2012;1135.0;1074.0;544.0;498;35.0;218.0;375.0;794.0;100.0;253.0;62.0;972.0;37.0;641;46;732.0
21;MA;2012;824.0;1777.0;952.0;910;16.0;172.0;653.0;1555.0;114.0;188.0;96.0;1662.0;41.0;1152;42;1459.0
52;GO;2012;2992.0;2793.0;1518.0;1394;67.0;511.0;1195.0;2134.0;247.0;578.0;171.0;2540.0;133.0;1955;124;1963.0
32;ES;2012;293.0;1667.0;969.0;887;17.0;175.0;866.0;1342.0;163.0;192.0;137.0;1504.0;106.0;1335;82;1205.0
53;DF;2012;1111.0;954.0;517.0;480;11.0;83.0;432.0;849.0;77.0;94.0;63.0;875.0;42.0;725;37;785.0
23;CE;2012;160.0;3841.0;2329.0;2235;26.0;223.0;2031.0;1921.0;219.0;249.0;110.0;3621.0;142.0;3135;94;1811.0
43;RS;2012;454.0;2382.0;1149.0;1041;202.0;1617.0;918.0;514.0;247.0;1819.0;39.0;2135.0;135.0;1737;108;475.0
11;RO;2012;312.0;526.0;230.0;207;13.0;124.0;164.0;374.0;51.0;137.0;36.0;475.0;26.0;338;23;338.0
14;RR;2012;1602.0;144.0;70.0;65;10.0;31.0;17.0;100.0;17.0;42.0;7.0;126.0;3.0;32;5;93.0
42;SC;2012;324.0;821.0;407.0;368;85.0;553.0;284.0;174.0;104.0;638.0;18.0;717.0;37.0;491;39;156.0
35;SP;2012;604.0;6566.0;2875.0;2657;370.0;3150.0;1957.0;2885.0;640.0;3520.0;257.0;5920.0;205.0;3848;218;2627.0
25;PB;2012;4329.0;1525.0;901.0;842;8.0;81.0;767.0;1295.0;137.0;89.0;119.0;1388.0;89.0;1224;59;1176.0
17;TO;2012;682.0;379.0;182.0;165;9.0;50.0;97.0;306.0;49.0;59.0;40.0;330.0;18.0;178;17;266.0
29;BA;2012;111.0;6148.0;3662.0;3460;42.0;395.0;2930.0;5358.0;437.0;437.0;368.0;5702.0;262.0;4594;202;4989.0
13;AM;2012;2013.0;1344.0;732.0;684;28.0;121.0;508.0;1183.0;118.0;150.0;89.0;1225.0;52.0;855;48;1094.0
16;AP;2012;29.0;253.0;164.0;156;2.0;19.0;81.0;215.0;17.0;21.0;15.0;236.0;6.0;117;8;200.0
27;AL;2012;803.0;2046.0;1231.0;1166;12.0;73.0;1099.0;1905.0;133.0;85.0;116.0;1913.0;100.0;1737;65;1789.0
12;AC;2012;81.0;208.0;101.0;95;1.0;17.0;45.0;171.0;16.0;18.0;14.0;192.0;4.0;85;6;157.0
24;RN;2012;2262.0;1124.0;649.0;625;16.0;175.0;542.0;861.0;64.0;191.0;42.0;1060.0;32.0;856;24;819.0
33;RJ;2012;3639.0;4772.0;2397.0;2268;125.0;1241.0;1900.0;3228.0;365.0;1367.0;223.0;4386.0;184.0;3472;129;2999.0
22;PI;2012;3281.0;525.0;269.0;249;5.0;45.0;181.0;453.0;46.0;50.0;40.0;479.0;18.0;311;20;413.0
26;PE;2012;1229.0;3327.0;1815.0;1719;21.0;161.0;1448.0;2991.0;216.0;182.0;185.0;3106.0;116.0;2475;95;2805.0
41;PR;2012;3012.0;3489.0;1870.0;1732;248.0;2408.0;1476.0;758.0;321.0;2657.0;68.0;3162.0;166.0;2433;138;690.0
52;GO;2013;3455.0;2975.0;1598.0;1484;66.0;557.0;1293.0;2268.0;271.0;624.0;191.0;2698.0;141.0;2138;114;2076.0
32;ES;2013;342.0;1622.0;985.0;905;36.0;201.0;869.0;1311.0;171.0;237.0;129.0;1451.0;114.0;1290;80;1182.0
53;DF;2013;1338.0;837.0;465.0;430;12.0;69.0;382.0;747.0;78.0;81.0;66.0;759.0;39.0;593;35;681.0
23;CE;2013;133.0;4473.0;2705.0;2558;34.0;232.0;2377.0;2213.0;278.0;266.0;125.0;4195.0;200.0;3655;147;2088.0
29;BA;2013;98.0;5694.0;3338.0;3142;42.0;330.0;2727.0;5072.0;423.0;372.0;362.0;5260.0;241.0;4287;196;4709.0
16;AP;2013;65.0;225.0;147.0;139;2.0;25.0;69.0;177.0;19.0;27.0;15.0;206.0;6.0;104;8;162.0
13;AM;2013;2099.0;1191.0;659.0;628;22.0;122.0;443.0;1026.0;96.0;144.0;71.0;1095.0;33.0;695;31;955.0
17;TO;2013;554.0;349.0;149.0;126;7.0;60.0;65.0;267.0;40.0;67.0;31.0;307.0;12.0;146;23;235.0
28;SE;2013;1994.0;965.0;520.0;494;8.0;76.0;430.0;877.0;56.0;84.0;48.0;908.0;30.0;732;26;829.0
35;SP;2013;711.0;6035.0;2552.0;2338;401.0;2823.0;1694.0;2676.0;620.0;3225.0;215.0;5403.0;174.0;3440;214;2459.0
42;SC;2013;294.0;789.0;369.0;326;82.0;577.0;233.0;117.0;102.0;659.0;16.0;686.0;36.0;442;43;101.0
14;RR;2013;1602.0;214.0;78.0;69;21.0;50.0;31.0;137.0;36.0;71.0;14.0;178.0;5.0;70;9;123.0
11;RO;2013;282.0;483.0;212.0;192;20.0;131.0;147.0;316.0;52.0;151.0;28.0;431.0;18.0;300;20;288.0
43;RS;2013;405.0;2322.0;1078.0;995;173.0;1614.0;903.0;487.0;210.0;1787.0;33.0;2108.0;112.0;1714;83;454.0
24;RN;2013;1901.0;1447.0;883.0;842;20.0;178.0;743.0;1124.0;89.0;198.0;59.0;1357.0;54.0;1149;41;1064.0
33;RJ;2013;3260.0;5111.0;2693.0;2554;137.0;1302.0;2014.0;3492.0;387.0;1443.0;236.0;4687.0;185.0;3555;139;3247.0
22;PI;2013;3365.0;598.0;329.0;309;10.0;58.0;234.0;489.0;47.0;68.0;36.0;549.0;22.0;365;20;451.0
26;PE;2013;1176.0;3124.0;1709.0;1589;27.0;196.0;1357.0;2796.0;256.0;223.0;224.0;2867.0;139.0;2299;120;2572.0
41;PR;2013;3262.0;2936.0;1538.0;1407;223.0;2089.0;1193.0;599.0;283.0;2312.0;59.0;2653.0;124.0;2025;131;540.0
25;PB;2013;4039.0;1551.0;893.0;829;12.0;86.0;770.0;1292.0;126.0;98.0;104.0;1424.0;84.0;1258;64;1187.0
27;AL;2013;662.0;2148.0;1313.0;1250;18.0;94.0;1177.0;1962.0;142.0;113.0;117.0;2005.0;103.0;1860;62;1845.0
12;AC;2013;86.0;234.0;119.0;107;3.0;20.0;58.0;194.0;32.0;23.0;29.0;202.0;9.0;95;12;165.0
15;PA;2013;701.0;3405.0;1785.0;1691;35.0;240.0;1253.0;3025.0;231.0;276.0;190.0;3157.0;121.0;2229;93;2830.0
51;MT;2013;1174.0;1158.0;541.0;515;28.0;243.0;404.0;860.0;91.0;271.0;62.0;1064.0;34.0;745;26;798.0
50;MS;2013;2159.0;630.0;265.0;243;34.0;192.0;148.0;400.0;75.0;226.0;40.0;555.0;24.0;318;22;360.0
31;MG;2013;1756.0;4717.0;2595.0;2411;145.0;1118.0;2180.0;3350.0;427.0;1264.0;274.0;4286.0;205.0;3468;183;3076.0
21;MA;2013;1094.0;2163.0;1171.0;1114;23.0;184.0;790.0;1895.0;131.0;208.0;107.0;2031.0;58.0;1397;57;1788.0
50;MS;2014;2403.0;700.0;322.0;283;40.0;218.0;206.0;432.0;85.0;258.0;44.0;615.0;20.0;357;39;388.0
21;MA;2014;1246.0;2462.0;1311.0;1248;21.0;215.0;962.0;2179.0;152.0;236.0;129.0;2307.0;75.0;1688;62;2048.0
52;GO;2014;3595.0;2887.0;1568.0;1439;77.0;574.0;1299.0;2198.0;290.0;651.0;212.0;2591.0;153.0;2054;129;1986.0
32;ES;2014;430.0;1609.0;958.0;889;25.0;218.0;842.0;1316.0;140.0;243.0;110.0;1469.0;89.0;1292;69;1206.0
53;DF;2014;1613.0;843.0;453.0;427;13.0;105.0;388.0;710.0;60.0;118.0;46.0;783.0;30.0;631;26;664.0
23;CE;2014;162.0;4626.0;2831.0;2696;25.0;251.0;2484.0;2507.0;285.0;276.0;145.0;4341.0;200.0;3795;135;2362.0
29;BA;2014;144.0;6052.0;3553.0;3405;50.0;367.0;2965.0;5419.0;385.0;417.0;323.0;5659.0;216.0;4671;148;5095.0
13;AM;2014;2170.0;1240.0;678.0;644;13.0;92.0;451.0;1102.0;80.0;105.0;64.0;1159.0;33.0;762;34;1038.0
16;AP;2014;43.0;256.0;162.0;149;1.0;14.0;99.0;232.0;20.0;15.0;19.0;236.0;8.0;152;13;213.0
27;AL;2014;729.0;2085.0;1243.0;1176;4.0;71.0;1117.0;1947.0;125.0;75.0;118.0;1960.0;85.0;1806;67;1829.0
12;AC;2014;109.0;232.0;111.0;101;4.0;35.0;59.0;187.0;20.0;39.0;16.0;212.0;6.0;115;10;171.0
31;MG;2014;1721.0;4724.0;2573.0;2405;141.0;1075.0;2126.0;3412.0;403.0;1216.0;259.0;4319.0;171.0;3377;168;3153.0
15;PA;2014;848.0;3446.0;1821.0;1705;21.0;194.0;1331.0;3135.0;249.0;216.0;221.0;3189.0;132.0;2305;116;2912.0
25;PB;2014;4451.0;1551.0;869.0;812;13.0;72.0;759.0;1342.0;117.0;85.0;98.0;1433.0;81.0;1253;57;1244.0
41;PR;2014;3204.0;2980.0;1473.0;1356;218.0;2126.0;1184.0;604.0;284.0;2344.0;63.0;2694.0;138.0;2071;117;541.0
26;PE;2014;1203.0;3358.0;1881.0;1768;33.0;344.0;1557.0;2907.0;239.0;377.0;203.0;3113.0;138.0;2543;113;2704.0
22;PI;2014;3415.0;717.0;392.0;369;4.0;40.0;284.0;589.0;63.0;44.0;51.0;654.0;25.0;455;23;538.0
33;RJ;2014;3335.0;5718.0;3027.0;2869;164.0;1364.0;2045.0;3954.0;464.0;1529.0;283.0;5196.0;215.0;3642;157;3666.0
24;RN;2014;1932.0;1602.0;1002.0;954;21.0;194.0;883.0;1304.0;102.0;215.0;71.0;1500.0;68.0;1314;48;1233.0
43;RS;2014;460.0;2724.0;1323.0;1247;196.0;1860.0;1083.0;628.0;250.0;2056.0;51.0;2474.0;129.0;2055;76;577.0
11;RO;2014;373.0;578.0;229.0;209;15.0;127.0;176.0;424.0;56.0;142.0;38.0;521.0;28.0;402;20;386.0
14;RR;2014;1926.0;158.0;56.0;51;14.0;46.0;22.0;93.0;24.0;61.0;10.0;133.0;4.0;47;5;83.0
42;SC;2014;337.0;905.0;402.0;361;88.0;640.0;254.0;159.0;111.0;728.0;21.0;794.0;39.0;499;41;138.0
35;SP;2014;809.0;6185.0;2751.0;2542;371.0;2833.0;1857.0;2840.0;612.0;3205.0;227.0;5561.0;199.0;3541;209;2612.0
28;SE;2014;1899.0;1097.0;623.0;596;9.0;79.0;552.0;1003.0;74.0;88.0;65.0;1023.0;50.0;898;27;938.0
17;TO;2014;601.0;381.0;188.0;173;6.0;64.0;101.0;296.0;35.0;71.0;29.0;342.0;13.0;176;14;267.0
51;MT;2014;1171.0;1358.0;636.0;587;33.0;278.0;463.0;1022.0;111.0;311.0;76.0;1247.0;45.0;854;49;946.0
32;ES;2015;367.0;1450.0;830.0;775;24.0;163.0;709.0;1168.0;141.0;187.0;107.0;1308.0;78.0;1093;55;1061.0
11;RO;2015;348.0;600.0;261.0;234;13.0;129.0;178.0;446.0;63.0;142.0;49.0;537.0;35.0;383;27;397.0
51;MT;2015;1190.0;1203.0;529.0;481;30.0;221.0;392.0;931.0;118.0;251.0;88.0;1082.0;50.0;769;48;843.0
50;MS;2015;2930.0;634.0;264.0;241;20.0;205.0;171.0;405.0;58.0;225.0;38.0;576.0;19.0;316;23;367.0
31;MG;2015;1415.0;4532.0;2378.0;2213;139.0;1009.0;1972.0;3300.0;415.0;1149.0;267.0;4114.0;204.0;3214;165;3033.0
15;PA;2015;1055.0;3675.0;1936.0;1827;20.0;202.0;1462.0;3375.0;261.0;222.0;236.0;3401.0;144.0;2539;109;3138.0
25;PB;2015;4330.0;1522.0;828.0;771;14.0;76.0;737.0;1306.0;111.0;90.0;84.0;1406.0;73.0;1264;57;1222.0
41;PR;2015;3010.0;2936.0;1471.0;1383;193.0;2048.0;1149.0;660.0;244.0;2241.0;49.0;2691.0;94.0;1972;88;611.0
26;PE;2015;1014.0;3847.0;2143.0;2036;32.0;370.0;1823.0;3373.0;233.0;402.0;198.0;3606.0;128.0;3065;103;3173.0
22;PI;2015;2978.0;650.0;328.0;300;8.0;52.0;232.0;544.0;67.0;60.0;56.0;582.0;33.0;400;28;487.0
14;RR;2015;2124.0;203.0;77.0;69;17.0;36.0;30.0;148.0;29.0;53.0;10.0;174.0;7.0;57;8;138.0
42;SC;2015;297.0;957.0;442.0;407;79.0;662.0;308.0;203.0;97.0;741.0;18.0;860.0;34.0;570;35;185.0
33;RJ;2015;2919.0;5067.0;2761.0;2627;150.0;1238.0;1835.0;3517.0;387.0;1390.0;233.0;4651.0;196.0;3182;134;3283.0
24;RN;2015;1877.0;1545.0;939.0;899;9.0;147.0;804.0;1283.0;92.0;156.0;76.0;1453.0;57.0;1238;40;1207.0
43;RS;2015;536.0;2944.0;1391.0;1291;223.0;2024.0;1189.0;656.0;284.0;2247.0;55.0;2660.0;158.0;2282;100;601.0
28;SE;2015;2024.0;1303.0;716.0;693;5.0;72.0;637.0;1221.0;70.0;77.0;64.0;1233.0;53.0;1108;23;1157.0
35;SP;2015;718.0;5427.0;2333.0;2164;349.0;2414.0;1556.0;2537.0;559.0;2765.0;201.0;4860.0;175.0;3097;169;2336.0
17;TO;2015;465.0;503.0;243.0;227;8.0;92.0;152.0;381.0;48.0;100.0;39.0;454.0;13.0;276;16;342.0
52;GO;2015;3227.0;2997.0;1618.0;1516;76.0;601.0;1328.0;2263.0;255.0;677.0;176.0;2734.0;134.0;2161;102;2087.0
21;MA;2015;1181.0;2438.0;1257.0;1200;27.0;240.0;968.0;2118.0;148.0;267.0;115.0;2286.0;67.0;1718;56;2003.0
12;AC;2015;111.0;217.0;105.0;94;5.0;25.0;65.0;183.0;19.0;30.0;14.0;198.0;5.0;116;11;169.0
27;AL;2015;886.0;1748.0;1049.0;1009;1.0;54.0;928.0;1656.0;95.0;55.0;90.0;1653.0;61.0;1476;40;1566.0
16;AP;2015;50.0;293.0;165.0;159;3.0;12.0;96.0;264.0;18.0;15.0;13.0;275.0;7.0;154;6;251.0
13;AM;2015;2389.0;1472.0;809.0;755;18.0;100.0;549.0;1338.0;115.0;118.0;96.0;1357.0;44.0;930;54;1242.0
29;BA;2015;147.0;6012.0;3559.0;3408;42.0;333.0;2866.0;5446.0;382.0;375.0;331.0;5619.0;219.0;4555;151;5112.0
23;CE;2015;263.0;4163.0;2450.0;2350;21.0;210.0;2166.0;2272.0;254.0;231.0;154.0;3909.0;166.0;3393;100;2118.0
53;DF;2015;1649.0;742.0;382.0;360;13.0;120.0;310.0;598.0;58.0;133.0;45.0;682.0;24.0;489;22;551.0
13;AM;2016;2866.0;1452.0;782.0;729;22.0;84.0;480.0;1324.0;116.0;106.0;93.0;1335.0;43.0;791;53;1231.0
29;BA;2016;215.0;7171.0;4358.0;4165;50.0;392.0;3509.0;6512.0;441.0;442.0;379.0;6728.0;261.0;5449;193;6132.0
23;CE;2016;298.0;3642.0;2102.0;1999;14.0;195.0;1794.0;2512.0;218.0;209.0;149.0;3424.0;139.0;2908;103;2363.0
16;AP;2016;65.0;381.0;233.0;228;2.0;11.0;153.0;362.0;17.0;13.0;15.0;364.0;7.0;222;5;347.0
17;TO;2016;485.0;577.0;281.0;263;10.0;87.0;182.0;456.0;45.0;97.0;30.0;532.0;14.0;312;18;426.0
35;SP;2016;713.0;4870.0;2017.0;1860;302.0;2284.0;1334.0;2219.0;507.0;2586.0;200.0;4358.0;156.0;2720;157;2017.0
28;SE;2016;2012.0;1465.0;869.0;847;5.0;73.0;789.0;1384.0;60.0;78.0;54.0;1404.0;39.0;1259;22;1330.0
42;SC;2016;301.0;984.0;475.0;437;80.0;654.0;344.0;240.0;107.0;734.0;27.0;877.0;50.0;611;38;213.0
43;RS;2016;561.0;3225.0;1608.0;1487;250.0;2163.0;1352.0;757.0;308.0;2413.0;50.0;2913.0;190.0;2507;121;707.0
14;RR;2016;2314.0;204.0;92.0;83;14.0;33.0;38.0;155.0;25.0;47.0;10.0;179.0;7.0;72;9;145.0
11;RO;2016;438.0;703.0;261.0;246;18.0;158.0;185.0;517.0;54.0;176.0;34.0;649.0;27.0;465;15;483.0
24;RN;2016;2020.0;1854.0;1129.0;1079;19.0;185.0;997.0;1553.0;100.0;204.0;74.0;1754.0;76.0;1569;50;1479.0
33;RJ;2016;2562.0;6053.0;3386.0;3252;142.0;1383.0;2343.0;4363.0;428.0;1530.0;276.0;5569.0;202.0;4019;134;4076.0
41;PR;2016;3151.0;3080.0;1574.0;1494;190.0;2180.0;1224.0;663.0;238.0;2370.0;44.0;2841.0;105.0;2125;80;619.0
22;PI;2016;3801.0;701.0;367.0;350;3.0;45.0;265.0;606.0;50.0;48.0;43.0;650.0;22.0;440;17;563.0
26;PE;2016;911.0;4447.0;2512.0;2381;39.0;490.0;2105.0;3858.0;282.0;529.0;238.0;4160.0;146.0;3475;131;3618.0
25;PB;2016;5188.0;1355.0;699.0;654;15.0;68.0;597.0;1187.0;107.0;83.0;88.0;1248.0;62.0;1060;45;1099.0
15;PA;2016;1220.0;4223.0;2266.0;2137;14.0;243.0;1776.0;3871.0;294.0;257.0;274.0;3921.0;178.0;3048;129;3597.0
51;MT;2016;998.0;1180.0;516.0;480;26.0;218.0;386.0;922.0;104.0;244.0;77.0;1074.0;38.0;752;36;845.0
50;MS;2016;3328.0;671.0;274.0;248;34.0;211.0;159.0;415.0;80.0;245.0;46.0;591.0;25.0;326;26;369.0
31;MG;2016;1473.0;4622.0;2513.0;2365;122.0;1054.0;2047.0;3346.0;375.0;1177.0;247.0;4246.0;169.0;3321;148;3099.0
21;MA;2016;1493.0;2408.0;1212.0;1157;24.0;247.0;873.0;2097.0;159.0;271.0;133.0;2247.0;84.0;1625;55;1963.0
52;GO;2016;2769.0;3036.0;1675.0;1575;54.0;582.0;1346.0;2349.0;238.0;638.0;180.0;2789.0;128.0;2143;99;2168.0
32;ES;2016;417.0;1270.0;707.0;670;18.0;126.0;622.0;1024.0;104.0;144.0;81.0;1166.0;57.0;968;37;943.0
53;DF;2016;1540.0;760.0;409.0;379;11.0;121.0;336.0;622.0;64.0;132.0;53.0;696.0;31.0;516;30;569.0
12;AC;2016;215.0;363.0;194.0;181;4.0;39.0;127.0;307.0;23.0;43.0;19.0;340.0;11.0;226;13;288.0
27;AL;2016;748.0;1820.0;1079.0;1038;6.0;28.0;959.0;1757.0;101.0;34.0;91.0;1718.0;72.0;1546;41;1665.0
52;GO;2017;4416.0;2901.0;1601.0;1491;59.0;501.0;1286.0;2284.0;256.0;561.0;190.0;2638.0;129.0;2057;110;2094.0
17;TO;2017;376.0;557.0;303.0;282;7.0;96.0;195.0;437.0;38.0;103.0;30.0;517.0;18.0;318;21;407.0
27;AL;2017;924.0;1813.0;1134.0;1091;1.0;29.0;993.0;1740.0;111.0;30.0;104.0;1702.0;77.0;1526;43;1636.0
13;AM;2017;3157.0;1674.0;943.0;897;16.0;130.0;605.0;1516.0;115.0;146.0;98.0;1559.0;51.0;975;46;1418.0
16;AP;2017;89.0;383.0;236.0;224;2.0;22.0;112.0;351.0;27.0;24.0;23.0;356.0;9.0;177;12;328.0
29;BA;2017;168.0;7487.0;4522.0;4313;55.0;428.0;3444.0;6798.0;487.0;484.0;417.0;6986.0;286.0;5427;208;6377.0
23;CE;2017;299.0;5433.0;3348.0;3146;32.0;291.0;3030.0;4905.0;374.0;323.0;325.0;5059.0;282.0;4698;202;4580.0
53;DF;2017;1425.0;610.0;325.0;308;12.0;109.0;256.0;486.0;46.0;121.0;34.0;564.0;25.0;401;17;452.0
32;ES;2017;351.0;1521.0;848.0;789;26.0;161.0;771.0;1214.0;151.0;187.0;116.0;1369.0;89.0;1227;59;1098.0
21;MA;2017;1804.0;2180.0;1112.0;1063;12.0;169.0;822.0;1968.0;127.0;181.0;113.0;2051.0;56.0;1483;49;1855.0
31;MG;2017;1449.0;4299.0;2217.0;2088;122.0;974.0;1814.0;3146.0;388.0;1096.0;261.0;3911.0;146.0;3067;129;2885.0
50;MS;2017;4287.0;659.0;275.0;250;28.0;209.0;158.0;418.0;61.0;237.0;33.0;597.0;21.0;327;25;385.0
51;MT;2017;1003.0;1102.0;463.0;432;22.0;222.0;332.0;850.0;92.0;244.0;70.0;1010.0;40.0;669;31;780.0
15;PA;2017;1049.0;4575.0;2451.0;2322;21.0;308.0;1939.0;4144.0;311.0;329.0;286.0;4255.0;202.0;3362;129;3858.0
25;PB;2017;5136.0;1341.0;709.0;668;11.0;85.0;591.0;1227.0;88.0;96.0;76.0;1253.0;51.0;1054;41;1151.0
26;PE;2017;1137.0;5419.0;3167.0;3029;50.0;580.0;2756.0;4720.0;310.0;630.0;257.0;5104.0;189.0;4478;136;4462.0
22;PI;2017;4174.0;626.0;313.0;293;9.0;46.0;220.0;549.0;52.0;55.0;39.0;573.0;25.0;376;20;509.0
41;PR;2017;2921.0;2759.0;1361.0;1263;207.0;1838.0;1021.0;680.0;247.0;2045.0;33.0;2511.0;110.0;1832;98;647.0
33;RJ;2017;2354.0;6416.0;3576.0;3439;136.0;1497.0;2560.0;4650.0;401.0;1634.0;260.0;5956.0;219.0;4411;137;4378.0
24;RN;2017;1722.0;2203.0;1366.0;1279;17.0;178.0;1250.0;1928.0;148.0;195.0;129.0;2054.0;122.0;1927;87;1798.0
43;RS;2017;618.0;3316.0;1639.0;1525;238.0;2211.0;1405.0;833.0;302.0;2449.0;61.0;3014.0;188.0;2591;114;772.0
11;RO;2017;342.0;554.0;228.0;206;22.0;123.0;179.0;397.0;62.0;145.0;40.0;491.0;30.0;373;22;357.0
14;RR;2017;2403.0;248.0;100.0;87;11.0;50.0;44.0;185.0;27.0;61.0;16.0;221.0;4.0;93;13;169.0
42;SC;2017;305.0;1066.0;527.0;480;86.0;701.0;360.0;270.0;109.0;787.0;23.0;957.0;35.0;653;47;247.0
35;SP;2017;629.0;4631.0;1955.0;1798;321.0;2094.0;1233.0;2168.0;495.0;2415.0;166.0;4134.0;163.0;2518;157;2002.0
28;SE;2017;1924.0;1313.0;767.0;728;12.0;67.0;690.0;1232.0;77.0;79.0;64.0;1236.0;57.0;1106;39;1168.0
12;AC;2017;366.0;516.0;297.0;281;9.0;68.0;236.0;428.0;34.0;77.0;24.0;481.0;17.0;384;16;404.0
28;SE;2018;1741.0;1133.0;663.0;653;6.0;48.0;603.0;1079.0;40.0;54.0;34.0;1093.0;25.0;959;10;1045.0
17;TO;2018;308.0;570.0;296.0;278;9.0;81.0;191.0;466.0;47.0;90.0;36.0;520.0;19.0;321;18;430.0
21;MA;2018;1561.0;1982.0;976.0;935;11.0;170.0;698.0;1767.0;122.0;181.0;109.0;1856.0;50.0;1284;41;1656.0
12;AC;2018;289.0;409.0;235.0;222;6.0;43.0;189.0;350.0;35.0;49.0;28.0;374.0;22.0;311;13;322.0
27;AL;2018;910.0;1441.0;843.0;818;3.0;22.0;727.0;1175.0;67.0;25.0;55.0;1374.0;44.0;1179;25;1120.0
16;AP;2018;171.0;426.0;279.0;273;2.0;24.0;162.0;389.0;15.0;26.0;12.0;411.0;9.0;241;6;377.0
13;AM;2018;3231.0;1542.0;859.0;795;15.0;106.0;599.0;1410.0;127.0;121.0;110.0;1415.0;51.0;961;64;1300.0
29;BA;2018;232.0;6787.0;4141.0;3956;44.0;386.0;3163.0;6089.0;427.0;430.0;369.0;6351.0;257.0;4977;185;5717.0
23;CE;2018;302.0;4900.0;2812.0;2561;47.0;341.0;2532.0;4477.0;475.0;388.0;426.0;4425.0;379.0;4204;251;4051.0
53;DF;2018;1233.0;530.0;271.0;257;18.0;97.0;210.0;408.0;55.0;115.0;35.0;473.0;20.0;329;13;372.0
32;ES;2018;358.0;1165.0;618.0;577;20.0;111.0;548.0;964.0;100.0;131.0;76.0;1063.0;55.0;891;41;887.0
52;GO;2018;3825.0;2675.0;1442.0;1354;63.0;482.0;1168.0;2086.0;220.0;545.0;154.0;2448.0;117.0;1860;88;1929.0
35;SP;2018;535.0;3727.0;1461.0;1322;267.0;1642.0;959.0;1747.0;454.0;1909.0;176.0;3269.0;116.0;2009;139;1571.0
42;SC;2018;222.0;843.0;393.0;356;74.0;591.0;249.0;174.0;91.0;665.0;17.0;751.0;32.0;444;37;157.0
14;RR;2018;1927.0;414.0;224.0;207;26.0;76.0;124.0;308.0;53.0;103.0;26.0;360.0;9.0;181;17;282.0
11;RO;2018;279.0;476.0;184.0;168;14.0;103.0;138.0;351.0;42.0;118.0;28.0;432.0;20.0;300;16;323.0
43;RS;2018;411.0;2699.0;1291.0;1189;201.0;1786.0;1094.0;673.0;256.0;1987.0;54.0;2441.0;147.0;2075;102;619.0
24;RN;2018;1431.0;1825.0;1067.0;1024;14.0;193.0;1007.0;1594.0;102.0;207.0;85.0;1723.0;78.0;1639;43;1509.0
33;RJ;2018;1891.0;6455.0;3724.0;3574;130.0;1488.0;2513.0;4705.0;380.0;1619.0;242.0;6013.0;198.0;4261;150;4448.0
22;PI;2018;4056.0;619.0;310.0;289;5.0;41.0;213.0;531.0;52.0;46.0;43.0;565.0;14.0;373;21;488.0
26;PE;2018;836.0;4190.0;2269.0;2168;46.0;509.0;1979.0;3578.0;240.0;555.0;189.0;3942.0;137.0;3369;101;3387.0
41;PR;2018;2100.0;2443.0;1155.0;1079;146.0;1601.0;813.0;670.0;211.0;1747.0;63.0;2232.0;89.0;1520;76;607.0
25;PB;2018;4714.0;1244.0;652.0;618;10.0;55.0;557.0;1156.0;82.0;65.0;71.0;1161.0;56.0;1006;34;1085.0
15;PA;2018;934.0;4528.0;2418.0;2285;32.0;269.0;2004.0;4113.0;323.0;301.0;282.0;4185.0;197.0;3439;132;3827.0
31;MG;2018;1135.0;3372.0;1626.0;1497;105.0;728.0;1303.0;2506.0;349.0;833.0;241.0;3022.0;137.0;2237;129;2265.0
50;MS;2018;3227.0;572.0;239.0;214;28.0;182.0;119.0;358.0;66.0;210.0;38.0;506.0;21.0;243;25;320.0
51;MT;2018;949.0;989.0;425.0;395;16.0;193.0;295.0;766.0;88.0;209.0;71.0;901.0;31.0;566;30;695.0
50;MS;2019;2584.0;491.0;191.0;174;35.0;146.0;98.0;306.0;61.0;181.0;26.0;430.0;14.0;216;17;280.0
21;MA;2019;1106.0;1704.0;801.0;753;19.0;165.0;567.0;1498.0;114.0;186.0;93.0;1584.0;44.0;1074;47;1402.0
52;GO;2019;1741.0;2253.0;1188.0;1131;43.0;422.0;881.0;1742.0;161.0;465.0;115.0;2089.0;67.0;1457;57;1627.0
32;ES;2019;331.0;1043.0;569.0;538;13.0;90.0;501.0;875.0;97.0;103.0;73.0;946.0;42.0;781;31;802.0
53;DF;2019;1028.0;480.0;244.0;226;18.0;83.0;169.0;375.0;55.0;101.0;36.0;425.0;20.0;257;18;339.0
23;CE;2019;234.0;2417.0;1285.0;1179;21.0;149.0;1108.0;2235.0;221.0;170.0;199.0;2196.0;159.0;1900;106;2036.0
29;BA;2019;218.0;6118.0;3599.0;3416;30.0;303.0;2880.0;5622.0;396.0;333.0;358.0;5717.0;250.0;4596;183;5264.0
13;AM;2019;2200.0;1592.0;917.0;861;25.0;172.0;628.0;1377.0;118.0;197.0;93.0;1472.0;49.0;981;56;1284.0
16;AP;2019;77.0;361.0;251.0;242;1.0;8.0;167.0;347.0;19.0;9.0;17.0;342.0;10.0;228;9;330.0
27;AL;2019;930.0;1115.0;620.0;581;0.0;9.0;507.0;1082.0;90.0;9.0;89.0;1025.0;47.0;833;39;993.0
12;AC;2019;205.0;325.0;174.0;163;5.0;30.0;123.0;277.0;32.0;35.0;25.0;290.0;17.0;222;11;252.0
17;TO;2019;237.0;456.0;224.0;211;3.0;73.0;150.0;369.0;36.0;76.0;32.0;420.0;16.0;250;13;337.0
35;SP;2019;457.0;3361.0;1316.0;1194;249.0;1377.0;854.0;1684.0;405.0;1626.0;149.0;2954.0;118.0;1742;122;1535.0
28;SE;2019;1390.0;973.0;556.0;537;3.0;36.0;477.0;934.0;53.0;39.0;50.0;920.0;28.0;771;19;884.0
42;SC;2019;202.0;767.0;338.0;292;86.0;488.0;203.0;189.0;114.0;574.0;26.0;653.0;46.0;381;46;163.0
43;RS;2019;335.0;2184.0;996.0;909;177.0;1446.0;823.0;515.0;236.0;1623.0;52.0;1946.0;132.0;1602;87;463.0
14;RR;2019;1468.0;234.0;99.0;88;14.0;48.0;46.0;167.0;33.0;62.0;19.0;201.0;6.0;83;11;148.0
11;RO;2019;250.0;447.0;154.0;140;11.0;103.0;102.0;327.0;43.0;114.0;31.0;401.0;13.0;264;14;295.0
24;RN;2019;1104.0;1346.0;760.0;719;11.0;116.0;700.0;1194.0;98.0;127.0;84.0;1248.0;75.0;1181;41;1110.0
33;RJ;2019;1624.0;3552.0;2013.0;1936;86.0;851.0;1381.0;2568.0;217.0;937.0;131.0;3316.0;107.0;2321;77;2435.0
41;PR;2019;1758.0;2095.0;960.0;892;145.0;1332.0;592.0;599.0;204.0;1477.0;57.0;1891.0;86.0;1190;68;542.0
22;PI;2019;2210.0;569.0;243.0;226;11.0;43.0;183.0;489.0;47.0;54.0;35.0;520.0;17.0;350;17;454.0
26;PE;2019;739.0;3474.0;1882.0;1791;45.0;477.0;1597.0;2908.0;204.0;522.0;158.0;3265.0;127.0;2713;91;2749.0
25;PB;2019;4343.0;953.0;441.0;420;11.0;45.0;371.0;853.0;72.0;56.0;53.0;880.0;39.0;722;21;800.0
15;PA;2019;743.0;3405.0;1791.0;1690;21.0;201.0;1359.0;3093.0;232.0;222.0;204.0;3155.0;135.0;2342;100;2887.0
51;MT;2019;682.0;895.0;366.0;336;27.0;157.0;247.0;696.0;84.0;185.0;56.0;808.0;33.0;490;30;639.0
31;MG;2019;786.0;2893.0;1349.0;1252;86.0;648.0;1083.0;2145.0;295.0;734.0;207.0;2598.0;120.0;1878;97;1938.0
17;TO;2020;232.0;484.0;246.0;231;6.0;70.0;164.0;399.0;35.0;76.0;29.0;448.0;16.0;278;15;370.0
52;GO;2020;3189.0;2177.0;1190.0;1135;36.0;404.0;876.0;1687.0;134.0;440.0;93.0;2040.0;54.0;1391;55;1594.0
21;MA;2020;1157.0;2103.0;1013.0;960;16.0;201.0;786.0;1860.0;140.0;217.0;123.0;1961.0;67.0;1447;53;1736.0
51;MT;2020;863.0;987.0;430.0;395;25.0;182.0;309.0;770.0;105.0;207.0;79.0;878.0;40.0;584;35;689.0
50;MS;2020;2943.0;491.0;177.0;151;32.0;141.0;90.0;316.0;71.0;173.0;38.0;420.0;25.0;207;26;278.0
31;MG;2020;827.0;2743.0;1287.0;1201;102.0;660.0;980.0;1955.0;270.0;762.0;166.0;2473.0;99.0;1702;86;1789.0
15;PA;2020;795.0;2809.0;1454.0;1369;23.0;176.0;1101.0;2547.0;193.0;199.0;166.0;2605.0;99.0;1886;84;2381.0
25;PB;2020;4808.0;1141.0;527.0;487;16.0;67.0;457.0;1004.0;94.0;83.0;75.0;1047.0;56.0;919;40;929.0
41;PR;2020;1603.0;2281.0;1062.0;985;145.0;1372.0;706.0;744.0;197.0;1517.0;52.0;2083.0;93.0;1411;77;692.0
26;PE;2020;869.0;3786.0;2059.0;1957;40.0;497.0;1795.0;3221.0;223.0;537.0;181.0;3558.0;134.0;3079;101;3040.0
22;PI;2020;2606.0;674.0;333.0;312;10.0;66.0;254.0;562.0;54.0;76.0;41.0;615.0;23.0;437;21;521.0
12;AC;2020;211.0;304.0;164.0;149;6.0;32.0;134.0;253.0;27.0;38.0;21.0;273.0;16.0;228;15;232.0
27;AL;2020;743.0;1292.0;760.0;721;0.0;10.0;546.0;1253.0;89.0;10.0;88.0;1203.0;42.0;869;39;1165.0
16;AP;2020;95.0;387.0;244.0;234;1.0;17.0;147.0;366.0;22.0;18.0;21.0;365.0;12.0;222;10;345.0
13;AM;2020;1782.0;1326.0;725.0;680;18.0;125.0;485.0;1159.0;85.0;143.0;66.0;1241.0;39.0;782;45;1093.0
29;BA;2020;210.0;7076.0;4250.0;4032;43.0;360.0;3200.0;6511.0;444.0;403.0;387.0;6627.0;279.0;5088;218;6124.0
23;CE;2020;262.0;3992.0;2344.0;2189;21.0;201.0;2123.0;3752.0;319.0;222.0;295.0;3672.0;253.0;3443;155;3457.0
53;DF;2020;1379.0;453.0;219.0;207;15.0;107.0;144.0;326.0;35.0;122.0;20.0;418.0;16.0;248;12;306.0
32;ES;2020;411.0;1229.0;668.0;618;16.0;122.0;578.0;943.0;101.0;139.0;78.0;1122.0;58.0;930;50;865.0
33;RJ;2020;1677.0;4831.0;2554.0;2449;85.0;1056.0;1553.0;3606.0;285.0;1145.0;196.0;4483.0;123.0;2740;104;3387.0
24;RN;2020;1318.0;1406.0;797.0;758;13.0;110.0;724.0;1236.0;81.0;123.0;66.0;1324.0;65.0;1222;39;1169.0
43;RS;2020;341.0;2094.0;932.0;859;162.0;1377.0;768.0;523.0;214.0;1541.0;49.0;1876.0;122.0;1545;73;474.0
11;RO;2020;239.0;456.0;141.0;126;12.0;89.0;94.0;350.0;54.0;101.0;39.0;402.0;17.0;256;15;311.0
14;RR;2020;1420.0;237.0;102.0;92;18.0;48.0;56.0;166.0;35.0;68.0;15.0;199.0;7.0;102;10;150.0
42;SC;2020;182.0;732.0;316.0;285;67.0;472.0;190.0;186.0;86.0;539.0;18.0;646.0;31.0;372;31;168.0
35;SP;2020;544.0;3396.0;1258.0;1131;248.0;1453.0;822.0;1651.0;397.0;1701.0;146.0;2998.0;108.0;1785;127;1505.0
28;SE;2020;1337.0;981.0;562.0;544;6.0;44.0;511.0;928.0;43.0;50.0;37.0;938.0;26.0;821;18;891.0
22;PI;2021;2881.0;766.0;371.0;343;13.0;66.0;312.0;664.0;68.0;79.0;53.0;695.0;38.0;558;28;611.0
14;RR;2021;1260.0;258.0;116.0;105;8.0;56.0;58.0;193.0;20.0;64.0;12.0;238.0;7.0;105;11;181.0
42;SC;2021;238.0;712.0;290.0;265;79.0;451.0;180.0;172.0;92.0;530.0;11.0;620.0;33.0;375;25;161.0
35;SP;2021;498.0;3094.0;1093.0;1007;209.0;1328.0;741.0;1505.0;342.0;1537.0;131.0;2742.0;92.0;1648;86;1373.0
28;SE;2021;960.0;790.0;435.0;420;3.0;44.0;394.0;742.0;37.0;47.0;34.0;751.0;21.0;662;14;707.0
33;RJ;2021;1556.0;4693.0;2622.0;2527;105.0;1038.0;1726.0;3500.0;284.0;1144.0;179.0;4381.0;112.0;2999;95;3312.0
17;TO;2021;178.0;441.0;211.0;199;13.0;57.0;135.0;355.0;39.0;70.0;22.0;401.0;14.0;253;12;333.0
24;RN;2021;1290.0;1179.0;600.0;572;10.0;96.0;545.0;1055.0;70.0;106.0;59.0;1109.0;48.0;1023;28;996.0
43;RS;2021;342.0;1889.0;771.0;703;182.0;1223.0;639.0;456.0;230.0;1406.0;45.0;1656.0;118.0;1379;68;411.0
12;AC;2021;112.0;205.0;94.0;84;2.0;18.0;67.0;184.0;28.0;20.0;26.0;176.0;6.0;118;10;158.0
27;AL;2021;1198.0;1070.0;628.0;604;0.0;12.0;474.0;1044.0;65.0;12.0;65.0;1005.0;29.0;736;24;979.0
16;AP;2021;98.0;462.0;313.0;305;0.0;10.0;217.0;446.0;19.0;10.0;18.0;443.0;11.0;314;8;428.0
13;AM;2021;1833.0;1816.0;1051.0;991;24.0;137.0;813.0;1616.0;135.0;161.0;111.0;1679.0;73.0;1272;60;1505.0
29;BA;2021;303.0;7206.0;4284.0;4081;51.0;351.0;3267.0;6703.0;463.0;402.0;401.0;6740.0;292.0;5294;203;6302.0
23;CE;2021;239.0;3471.0;1949.0;1779;36.0;215.0;1768.0;3205.0;336.0;251.0;299.0;3135.0;264.0;2973;170;2906.0
53;DF;2021;1376.0;401.0;168.0;160;18.0;69.0;112.0;304.0;46.0;87.0;27.0;355.0;15.0;193;8;277.0
32;ES;2021;519.0;1253.0;567.0;536;25.0;126.0;496.0;963.0;125.0;151.0;88.0;1127.0;62.0;892;30;874.0
52;GO;2021;2709.0;1812.0;909.0;860;47.0;333.0;604.0;1401.0;145.0;380.0;95.0;1664.0;51.0;1012;48;1304.0
21;MA;2021;975.0;1999.0;943.0;896;18.0;197.0;736.0;1754.0;131.0;215.0;110.0;1868.0;71.0;1447;47;1644.0
51;MT;2021;887.0;888.0;373.0;348;19.0;191.0;261.0;672.0;81.0;210.0;62.0;806.0;30.0;529;25;610.0
50;MS;2021;2646.0;551.0;208.0;193;24.0;135.0;124.0;388.0;66.0;160.0;42.0;484.0;35.0;273;15;346.0
31;MG;2021;707.0;2577.0;1125.0;1051;88.0;611.0;858.0;1847.0;249.0;699.0;159.0;2327.0;86.0;1594;74;1688.0
15;PA;2021;641.0;2847.0;1453.0;1366;17.0;152.0;1106.0;2611.0;208.0;169.0;185.0;2627.0;100.0;1939;87;2425.0
25;PB;2021;5001.0;1144.0;554.0;522;15.0;76.0;491.0;990.0;83.0;91.0;63.0;1061.0;43.0;930;32;927.0
41;PR;2021;1508.0;2348.0;1131.0;1048;122.0;1286.0;730.0;921.0;197.0;1408.0;73.0;2149.0;82.0;1373;83;848.0
26;PE;2021;829.0;3439.0;1752.0;1644;45.0;515.0;1539.0;2836.0;245.0;561.0;195.0;3191.0;153.0;2801;107;2641.0
11;RO;2021;320.0;536.0;206.0;190;18.0;117.0;154.0;395.0;54.0;135.0;36.0;482.0;27.0;347;16;359.0
25;PB;1979;;;;74;;;;;;;;;;71;12;
24;RN;1979;;;;40;;;;;;;;;;46;6;
23;CE;1979;;;;128;;;;;;;;;;85;17;
22;PI;1979;;;;12;;;;;;;;;;7;4;
21;MA;1979;;;;30;;;;;;;;;;34;5;
17;TO;1979;;;;0;;;;;;;;;;0;0;
16;AP;1979;;;;7;;;;;;;;;;5;1;
15;PA;1979;;;;127;;;;;;;;;;117;19;
14;RR;1979;;;;2;;;;;;;;;;2;1;
13;AM;1979;;;;80;;;;;;;;;;55;4;
12;AC;1979;;;;14;;;;;;;;;;13;0;
11;RO;1979;;;;35;;;;;;;;;;50;3;
53;DF;1979;;;;49;;;;;;;;;;28;4;
52;GO;1979;;;;125;;;;;;;;;;163;18;
51;MT;1979;;;;4;;;;;;;;;;2;0;
50;MS;1979;;;;52;;;;;;;;;;62;6;
43;RS;1979;;;;226;;;;;;;;;;193;20;
42;SC;1979;;;;70;;;;;;;;;;79;5;
41;PR;1979;;;;276;;;;;;;;;;379;38;
35;SP;1979;;;;1061;;;;;;;;;;570;135;
33;RJ;1979;;;;1203;;;;;;;;;;1726;69;
32;ES;1979;;;;93;;;;;;;;;;82;11;
31;MG;1979;;;;404;;;;;;;;;;435;73;
29;BA;1979;;;;114;;;;;;;;;;116;17;
28;SE;1979;;;;21;;;;;;;;;;22;4;
27;AL;1979;;;;104;;;;;;;;;;131;6;
26;PE;1979;;;;346;;;;;;;;;;297;41;
25;PB;1980;;;;106;;;;;;;;;;127;13;
24;RN;1980;;;;75;;;;;;;;;;77;5;
23;CE;1980;;;;181;;;;;;;;;;159;11;
22;PI;1980;;;;25;;;;;;;;;;6;3;
21;MA;1980;;;;34;;;;;;;;;;29;7;
17;TO;1980;;;;0;;;;;;;;;;0;0;
16;AP;1980;;;;6;;;;;;;;;;2;0;
15;PA;1980;;;;143;;;;;;;;;;169;19;
14;RR;1980;;;;3;;;;;;;;;;0;2;
13;AM;1980;;;;64;;;;;;;;;;46;9;
12;AC;1980;;;;14;;;;;;;;;;12;2;
11;RO;1980;;;;39;;;;;;;;;;67;4;
53;DF;1980;;;;67;;;;;;;;;;21;7;
52;GO;1980;;;;155;;;;;;;;;;226;28;
51;MT;1980;;;;12;;;;;;;;;;22;1;
50;MS;1980;;;;77;;;;;;;;;;118;10;
43;RS;1980;;;;268;;;;;;;;;;227;23;
42;SC;1980;;;;103;;;;;;;;;;119;11;
41;PR;1980;;;;291;;;;;;;;;;367;35;
35;SP;1980;;;;1678;;;;;;;;;;699;171;
33;RJ;1980;;;;1531;;;;;;;;;;2093;104;
32;ES;1980;;;;113;;;;;;;;;;122;16;
31;MG;1980;;;;444;;;;;;;;;;466;51;
29;BA;1980;;;;112;;;;;;;;;;139;18;
28;SE;1980;;;;26;;;;;;;;;;30;6;
27;AL;1980;;;;112;;;;;;;;;;148;19;
26;PE;1980;;;;446;;;;;;;;;;613;55;
12;AC;1981;;;;13;;;;;;;;;;8;1;
53;DF;1981;;;;71;;;;;;;;;;81;11;
52;GO;1981;;;;211;;;;;;;;;;268;28;
51;MT;1981;;;;33;;;;;;;;;;38;7;
50;MS;1981;;;;81;;;;;;;;;;147;14;
43;RS;1981;;;;298;;;;;;;;;;237;29;
42;SC;1981;;;;103;;;;;;;;;;105;10;
41;PR;1981;;;;323;;;;;;;;;;451;37;
35;SP;1981;;;;2166;;;;;;;;;;958;176;
33;RJ;1981;;;;1247;;;;;;;;;;1774;79;
32;ES;1981;;;;149;;;;;;;;;;130;28;
31;MG;1981;;;;410;;;;;;;;;;374;72;
29;BA;1981;;;;113;;;;;;;;;;124;15;
28;SE;1981;;;;32;;;;;;;;;;36;3;
27;AL;1981;;;;121;;;;;;;;;;190;27;
26;PE;1981;;;;567;;;;;;;;;;758;69;
25;PB;1981;;;;114;;;;;;;;;;133;13;
24;RN;1981;;;;67;;;;;;;;;;80;10;
23;CE;1981;;;;194;;;;;;;;;;187;23;
22;PI;1981;;;;25;;;;;;;;;;23;3;
21;MA;1981;;;;58;;;;;;;;;;54;6;
17;TO;1981;;;;0;;;;;;;;;;0;0;
16;AP;1981;;;;9;;;;;;;;;;4;2;
15;PA;1981;;;;144;;;;;;;;;;171;25;
14;RR;1981;;;;8;;;;;;;;;;2;3;
13;AM;1981;;;;73;;;;;;;;;;52;7;
11;RO;1981;;;;39;;;;;;;;;;67;7;
23;CE;1982;;;;200;;;;;;;;;;149;14;
31;MG;1982;;;;395;;;;;;;;;;346;61;
32;ES;1982;;;;138;;;;;;;;;;114;12;
33;RJ;1982;;;;1088;;;;;;;;;;1575;70;
35;SP;1982;;;;2076;;;;;;;;;;926;177;
41;PR;1982;;;;404;;;;;;;;;;488;50;
42;SC;1982;;;;83;;;;;;;;;;86;14;
43;RS;1982;;;;305;;;;;;;;;;256;30;
50;MS;1982;;;;93;;;;;;;;;;154;12;
51;MT;1982;;;;17;;;;;;;;;;24;2;
52;GO;1982;;;;211;;;;;;;;;;226;29;
53;DF;1982;;;;98;;;;;;;;;;101;6;
11;RO;1982;;;;26;;;;;;;;;;79;11;
12;AC;1982;;;;16;;;;;;;;;;18;2;
13;AM;1982;;;;68;;;;;;;;;;58;8;
14;RR;1982;;;;10;;;;;;;;;;1;2;
15;PA;1982;;;;150;;;;;;;;;;176;16;
16;AP;1982;;;;9;;;;;;;;;;8;1;
17;TO;1982;;;;0;;;;;;;;;;0;0;
21;MA;1982;;;;60;;;;;;;;;;62;2;
22;PI;1982;;;;32;;;;;;;;;;28;4;
24;RN;1982;;;;85;;;;;;;;;;108;5;
25;PB;1982;;;;100;;;;;;;;;;112;16;
26;PE;1982;;;;601;;;;;;;;;;788;49;
27;AL;1982;;;;152;;;;;;;;;;185;15;
28;SE;1982;;;;35;;;;;;;;;;34;6;
29;BA;1982;;;;164;;;;;;;;;;211;36;
16;AP;1983;;;;19;;;;;;;;;;12;4;
15;PA;1983;;;;211;;;;;;;;;;240;34;
14;RR;1983;;;;8;;;;;;;;;;2;1;
13;AM;1983;;;;84;;;;;;;;;;60;6;
12;AC;1983;;;;16;;;;;;;;;;12;3;
11;RO;1983;;;;42;;;;;;;;;;64;7;
27;AL;1983;;;;203;;;;;;;;;;267;24;
26;PE;1983;;;;699;;;;;;;;;;965;90;
25;PB;1983;;;;137;;;;;;;;;;120;16;
24;RN;1983;;;;62;;;;;;;;;;88;7;
28;SE;1983;;;;34;;;;;;;;;;42;5;
23;CE;1983;;;;263;;;;;;;;;;217;22;
22;PI;1983;;;;38;;;;;;;;;;37;0;
21;MA;1983;;;;53;;;;;;;;;;56;5;
51;MT;1983;;;;41;;;;;;;;;;51;4;
32;ES;1983;;;;135;;;;;;;;;;118;20;
31;MG;1983;;;;319;;;;;;;;;;339;61;
29;BA;1983;;;;126;;;;;;;;;;154;20;
52;GO;1983;;;;216;;;;;;;;;;239;34;
53;DF;1983;;;;90;;;;;;;;;;93;12;
43;RS;1983;;;;293;;;;;;;;;;253;21;
42;SC;1983;;;;102;;;;;;;;;;121;23;
41;PR;1983;;;;398;;;;;;;;;;550;36;
35;SP;1983;;;;2916;;;;;;;;;;1317;254;
33;RJ;1983;;;;874;;;;;;;;;;859;70;
50;MS;1983;;;;101;;;;;;;;;;137;11;
17;TO;1983;;;;0;;;;;;;;;;0;0;
27;AL;1984;;;;185;;;;;;;;;;304;18;
29;BA;1984;;;;186;;;;;;;;;;248;28;
31;MG;1984;;;;379;;;;;;;;;;437;69;
32;ES;1984;;;;143;;;;;;;;;;151;21;
25;PB;1984;;;;135;;;;;;;;;;147;10;
24;RN;1984;;;;62;;;;;;;;;;67;3;
23;CE;1984;;;;274;;;;;;;;;;196;16;
22;PI;1984;;;;34;;;;;;;;;;36;4;
21;MA;1984;;;;62;;;;;;;;;;84;6;
17;TO;1984;;;;0;;;;;;;;;;0;0;
26;PE;1984;;;;801;;;;;;;;;;1154;66;
11;RO;1984;;;;80;;;;;;;;;;106;5;
12;AC;1984;;;;13;;;;;;;;;;13;3;
13;AM;1984;;;;110;;;;;;;;;;83;10;
14;RR;1984;;;;9;;;;;;;;;;0;1;
15;PA;1984;;;;212;;;;;;;;;;296;24;
16;AP;1984;;;;14;;;;;;;;;;12;3;
53;DF;1984;;;;77;;;;;;;;;;74;9;
52;GO;1984;;;;176;;;;;;;;;;241;28;
51;MT;1984;;;;57;;;;;;;;;;68;6;
50;MS;1984;;;;126;;;;;;;;;;177;20;
43;RS;1984;;;;305;;;;;;;;;;258;37;
42;SC;1984;;;;102;;;;;;;;;;120;12;
41;PR;1984;;;;429;;;;;;;;;;473;48;
35;SP;1984;;;;3789;;;;;;;;;;1864;274;
33;RJ;1984;;;;1145;;;;;;;;;;1315;85;
28;SE;1984;;;;16;;;;;;;;;;23;2;
28;SE;1985;;;;22;;;;;;;;;;33;5;
13;AM;1985;;;;84;;;;;;;;;;85;9;
14;RR;1985;;;;3;;;;;;;;;;3;0;
15;PA;1985;;;;200;;;;;;;;;;265;16;
16;AP;1985;;;;16;;;;;;;;;;15;2;
17;TO;1985;;;;0;;;;;;;;;;0;0;
21;MA;1985;;;;45;;;;;;;;;;74;7;
22;PI;1985;;;;22;;;;;;;;;;23;4;
23;CE;1985;;;;221;;;;;;;;;;163;20;
24;RN;1985;;;;62;;;;;;;;;;68;5;
25;PB;1985;;;;160;;;;;;;;;;140;21;
26;PE;1985;;;;930;;;;;;;;;;1310;77;
27;AL;1985;;;;173;;;;;;;;;;281;34;
12;AC;1985;;;;27;;;;;;;;;;23;2;
29;BA;1985;;;;216;;;;;;;;;;254;27;
31;MG;1985;;;;384;;;;;;;;;;382;66;
32;ES;1985;;;;168;;;;;;;;;;209;18;
33;RJ;1985;;;;1277;;;;;;;;;;1460;78;
35;SP;1985;;;;3883;;;;;;;;;;2010;279;
41;PR;1985;;;;338;;;;;;;;;;440;46;
42;SC;1985;;;;103;;;;;;;;;;116;16;
43;RS;1985;;;;283;;;;;;;;;;219;37;
50;MS;1985;;;;92;;;;;;;;;;123;9;
51;MT;1985;;;;81;;;;;;;;;;118;17;
52;GO;1985;;;;187;;;;;;;;;;211;33;
53;DF;1985;;;;131;;;;;;;;;;150;12;
11;RO;1985;;;;104;;;;;;;;;;174;13;
52;GO;1986;;;;203;;;;;;;;;;285;32;
51;MT;1986;;;;110;;;;;;;;;;172;15;
50;MS;1986;;;;111;;;;;;;;;;136;16;
43;RS;1986;;;;321;;;;;;;;;;309;31;
42;SC;1986;;;;100;;;;;;;;;;105;5;
41;PR;1986;;;;377;;;;;;;;;;396;36;
35;SP;1986;;;;4070;;;;;;;;;;2126;277;
33;RJ;1986;;;;1243;;;;;;;;;;1399;90;
32;ES;1986;;;;192;;;;;;;;;;205;22;
31;MG;1986;;;;378;;;;;;;;;;379;54;
29;BA;1986;;;;206;;;;;;;;;;284;28;
28;SE;1986;;;;22;;;;;;;;;;33;5;
27;AL;1986;;;;197;;;;;;;;;;282;19;
26;PE;1986;;;;966;;;;;;;;;;1400;64;
25;PB;1986;;;;179;;;;;;;;;;195;29;
24;RN;1986;;;;39;;;;;;;;;;49;1;
23;CE;1986;;;;230;;;;;;;;;;143;27;
22;PI;1986;;;;31;;;;;;;;;;26;2;
21;MA;1986;;;;107;;;;;;;;;;104;8;
17;TO;1986;;;;0;;;;;;;;;;0;0;
16;AP;1986;;;;15;;;;;;;;;;7;2;
15;PA;1986;;;;226;;;;;;;;;;301;28;
14;RR;1986;;;;8;;;;;;;;;;3;1;
13;AM;1986;;;;89;;;;;;;;;;75;5;
12;AC;1986;;;;24;;;;;;;;;;25;2;
11;RO;1986;;;;133;;;;;;;;;;216;11;
53;DF;1986;;;;121;;;;;;;;;;148;16;
43;RS;1987;;;;347;;;;;;;;;;335;34;
11;RO;1987;;;;148;;;;;;;;;;218;14;
12;AC;1987;;;;42;;;;;;;;;;51;9;
13;AM;1987;;;;103;;;;;;;;;;101;9;
14;RR;1987;;;;3;;;;;;;;;;0;2;
15;PA;1987;;;;196;;;;;;;;;;310;22;
16;AP;1987;;;;9;;;;;;;;;;9;4;
17;TO;1987;;;;0;;;;;;;;;;0;0;
21;MA;1987;;;;110;;;;;;;;;;116;5;
22;PI;1987;;;;33;;;;;;;;;;29;1;
23;CE;1987;;;;186;;;;;;;;;;141;14;
24;RN;1987;;;;55;;;;;;;;;;81;5;
25;PB;1987;;;;149;;;;;;;;;;149;21;
26;PE;1987;;;;1045;;;;;;;;;;1482;65;
27;AL;1987;;;;213;;;;;;;;;;274;29;
28;SE;1987;;;;23;;;;;;;;;;22;1;
29;BA;1987;;;;258;;;;;;;;;;294;21;
31;MG;1987;;;;378;;;;;;;;;;340;56;
32;ES;1987;;;;206;;;;;;;;;;232;21;
33;RJ;1987;;;;1977;;;;;;;;;;2680;96;
35;SP;1987;;;;4357;;;;;;;;;;2379;287;
41;PR;1987;;;;354;;;;;;;;;;450;46;
42;SC;1987;;;;117;;;;;;;;;;151;15;
50;MS;1987;;;;97;;;;;;;;;;173;12;
51;MT;1987;;;;124;;;;;;;;;;185;14;
52;GO;1987;;;;236;;;;;;;;;;304;42;
53;DF;1987;;;;155;;;;;;;;;;211;19;
51;MT;1988;;;;138;;;;;;;;;;188;9;
53;DF;1988;;;;160;;;;;;;;;;161;11;
11;RO;1988;;;;144;;;;;;;;;;210;21;
26;PE;1988;;;;1046;;;;;;;;;;1510;62;
25;PB;1988;;;;155;;;;;;;;;;156;25;
24;RN;1988;;;;82;;;;;;;;;;91;8;
23;CE;1988;;;;228;;;;;;;;;;175;16;
22;PI;1988;;;;49;;;;;;;;;;38;4;
21;MA;1988;;;;122;;;;;;;;;;141;7;
17;TO;1988;;;;0;;;;;;;;;;0;0;
16;AP;1988;;;;12;;;;;;;;;;5;0;
15;PA;1988;;;;237;;;;;;;;;;337;25;
14;RR;1988;;;;21;;;;;;;;;;2;5;
13;AM;1988;;;;110;;;;;;;;;;106;15;
12;AC;1988;;;;31;;;;;;;;;;43;3;
27;AL;1988;;;;281;;;;;;;;;;342;24;
28;SE;1988;;;;25;;;;;;;;;;31;2;
29;BA;1988;;;;390;;;;;;;;;;429;35;
31;MG;1988;;;;388;;;;;;;;;;347;60;
32;ES;1988;;;;266;;;;;;;;;;265;32;
33;RJ;1988;;;;1528;;;;;;;;;;2028;91;
35;SP;1988;;;;4048;;;;;;;;;;2438;277;
41;PR;1988;;;;410;;;;;;;;;;455;51;
42;SC;1988;;;;115;;;;;;;;;;155;17;
43;RS;1988;;;;501;;;;;;;;;;510;45;
50;MS;1988;;;;113;;;;;;;;;;172;12;
52;GO;1988;;;;285;;;;;;;;;;400;41;
